index,period,frame_start,frame_end,minute,second,t_min,duration,team,team_name,phase_type,third_start,third_end,x_start,x_end,pen_area_end,is_shot,is_goal,xt_start,xt_end,xt_gain,signed,moment
0,1,40,58,0,3,0.05,1.8,Home,Brisbane,create,middle_third,middle_third,-0.64,-8.62,False,False,False,0.00898,0.01217,0.00319,0.00319,
1,1,58,89,0,4,0.067,3.1,Home,Brisbane,direct,middle_third,attacking_third,-7.97,31.6,False,False,False,0.01883,0.00244,-0.01639,-0.01639,
2,1,89,174,0,7,0.117,8.5,Away,Perth,chaotic,defensive_third,middle_third,-31.89,-1.61,False,False,False,0.00351,0.00638,0.00287,-0.00287,
3,1,174,282,0,16,0.267,10.8,Home,Brisbane,create,middle_third,middle_third,1.14,13.51,False,False,False,0.00666,0.00445,-0.0022,-0.0022,
4,1,282,435,0,27,0.45,15.3,Away,Perth,transition,middle_third,attacking_third,-13.83,42.46,True,False,False,0.00462,0.16402,0.1594,-0.1594,
5,1,435,548,0,42,0.7,11.3,Away,Perth,finish,attacking_third,attacking_third,41.52,47.1,True,False,False,0.0,0.00598,0.00598,-0.00598,
6,1,956,998,1,34,1.567,4.2,Home,Brisbane,direct,middle_third,attacking_third,,28.03,False,False,False,0.0,0.00202,0.00202,0.00202,
7,1,998,1049,1,38,1.633,5.1,Away,Perth,chaotic,defensive_third,defensive_third,-28.92,-46.53,False,False,False,0.00174,0.0,-0.00174,0.00174,
8,1,1210,1238,2,0,2.0,2.8,Home,Brisbane,chaotic,attacking_third,attacking_third,43.44,34.76,False,False,False,0.00162,0.00264,0.00102,0.00102,
9,1,1238,1345,2,2,2.033,10.7,Away,Perth,build_up,defensive_third,defensive_third,-34.49,-20.33,False,False,False,0.00208,0.00474,0.00267,-0.00267,
10,1,1345,1409,2,13,2.217,6.4,Away,Perth,create,defensive_third,middle_third,-19.96,14.66,False,False,False,0.00474,0.01133,0.00658,-0.00658,
11,1,1409,1618,2,19,2.317,20.9,Away,Perth,finish,middle_third,middle_third,15.3,5.41,False,False,False,0.01133,0.00974,-0.00159,0.00159,
12,1,1618,1695,2,40,2.667,7.7,Away,Perth,create,middle_third,defensive_third,4.84,-19.26,False,False,False,0.01045,0.00385,-0.0066,0.0066,
13,1,1695,1744,2,48,2.8,4.9,Away,Perth,build_up,defensive_third,defensive_third,-20.49,-20.79,False,False,False,0.00441,0.00445,4e-05,-4e-05,
14,1,1744,1755,2,53,2.883,1.1,Away,Perth,create,defensive_third,middle_third,-19.35,-7.52,False,False,False,0.00442,0.00605,0.00163,-0.00163,
15,1,1755,1843,2,54,2.9,8.8,Home,Brisbane,create,middle_third,middle_third,6.72,-11.89,False,False,False,0.00634,0.00884,0.0025,0.0025,
16,1,1843,1869,3,3,3.05,2.6,Home,Brisbane,direct,middle_third,attacking_third,-11.35,27.7,False,False,False,0.00958,0.00274,-0.00683,-0.00683,
17,1,1869,1900,3,5,3.083,3.1,Away,Perth,chaotic,defensive_third,defensive_third,-28.85,-46.55,False,False,False,0.00223,0.00055,-0.00168,0.00168,
18,1,2168,2288,3,35,3.583,12.0,Home,Brisbane,finish,attacking_third,attacking_third,42.23,41.46,True,False,False,0.00156,0.0017,0.00014,0.00014,
19,1,2288,2387,3,47,3.783,9.9,Away,Perth,build_up,defensive_third,defensive_third,-41.61,-34.22,False,False,False,0.00174,0.00129,-0.00045,0.00045,
20,1,2387,2408,3,57,3.95,2.1,Away,Perth,direct,defensive_third,middle_third,-33.79,4.51,False,False,False,0.00129,0.00769,0.0064,-0.0064,
21,1,2408,2419,3,59,3.983,1.1,Home,Brisbane,chaotic,middle_third,middle_third,-4.1,9.58,False,False,False,0.00727,0.00515,-0.00212,-0.00212,
22,1,2516,2523,4,10,4.167,0.7,Away,Perth,create,middle_third,defensive_third,-13.43,-18.37,False,False,False,0.00417,0.00266,-0.00151,0.00151,
23,1,2523,2584,4,11,4.183,6.1,Away,Perth,build_up,defensive_third,defensive_third,-20.08,-51.11,False,False,False,0.0029,0.0,-0.0029,0.0029,
24,1,2584,2632,4,17,4.283,4.8,Away,Perth,direct,defensive_third,middle_third,-50.6,-1.87,False,False,False,0.0,0.00692,0.00692,-0.00692,
25,1,2632,2817,4,22,4.367,18.5,Home,Brisbane,create,middle_third,defensive_third,1.51,-19.33,False,False,False,0.00786,0.01784,0.00998,0.00998,
26,1,2817,2845,4,40,4.667,2.8,Home,Brisbane,build_up,defensive_third,defensive_third,-20.29,-20.39,False,False,False,0.01583,0.01296,-0.00286,-0.00286,
27,1,2845,2963,4,43,4.717,11.8,Home,Brisbane,create,defensive_third,attacking_third,-19.09,22.18,False,False,False,0.01799,0.00352,-0.01447,-0.01447,
28,1,2963,3109,4,55,4.917,14.6,Home,Brisbane,finish,attacking_third,defensive_third,22.75,-39.69,False,False,False,0.00333,0.01429,0.01097,0.01097,
29,1,3109,3126,5,9,5.15,1.7,Home,Brisbane,chaotic,attacking_third,attacking_third,40.29,46.79,False,False,False,0.00153,0.00412,0.00259,0.00259,
30,1,3557,3605,5,54,5.9,4.8,Home,Brisbane,set_play,attacking_third,attacking_third,50.6,41.84,True,False,False,0.0,0.00431,0.00431,0.00431,
31,1,3605,3702,5,59,5.983,9.7,Away,Perth,transition,defensive_third,middle_third,-41.74,6.96,False,False,False,0.00128,0.00795,0.00667,-0.00667,
32,1,3702,3734,6,9,6.15,3.2,Away,Perth,create,middle_third,attacking_third,8.08,29.35,False,False,False,0.00793,0.02848,0.02055,-0.02055,
33,1,3734,3787,6,12,6.2,5.3,Home,Brisbane,build_up,defensive_third,defensive_third,-29.4,-20.17,False,False,False,0.02058,0.01089,-0.00968,-0.00968,
34,1,3787,3994,6,17,6.283,20.7,Home,Brisbane,create,defensive_third,middle_third,-19.84,-10.81,False,False,False,0.01781,0.0084,-0.00941,-0.00941,
35,1,3994,4022,6,38,6.633,2.8,Home,Brisbane,direct,middle_third,attacking_third,-10.29,32.89,False,False,False,0.01127,0.0,-0.01127,-0.01127,
36,1,4022,4032,6,41,6.683,1.0,Away,Perth,chaotic,defensive_third,defensive_third,-32.96,-31.14,False,False,False,0.00133,0.00193,0.00059,-0.00059,
37,1,4101,4210,6,49,6.817,10.9,Home,Brisbane,create,attacking_third,middle_third,24.23,-8.4,False,False,False,0.00177,0.0068,0.00504,0.00504,
38,1,4210,4246,7,0,7.0,3.6,Home,Brisbane,direct,middle_third,attacking_third,-8.59,25.47,False,False,False,0.00913,0.00397,-0.00516,-0.00516,
39,1,4399,4546,7,18,7.3,14.7,Home,Brisbane,finish,attacking_third,attacking_third,27.26,47.65,False,False,False,0.00159,0.0,-0.00159,-0.00159,
40,1,4546,4581,7,33,7.55,3.5,Away,Perth,chaotic,defensive_third,defensive_third,-47.91,-46.92,False,False,False,0.0,0.00055,0.00055,-0.00055,
41,1,4641,4693,7,43,7.717,5.2,Home,Brisbane,finish,attacking_third,middle_third,31.9,5.98,False,False,False,0.00149,0.00682,0.00533,0.00533,
42,1,4693,4715,7,48,7.8,2.2,Home,Brisbane,create,middle_third,middle_third,5.38,4.53,False,False,False,0.0067,0.00677,8e-05,8e-05,
43,1,4715,4747,7,50,7.833,3.2,Home,Brisbane,finish,middle_third,middle_third,5.41,5.79,False,False,False,0.00697,0.00634,-0.00063,-0.00063,
44,1,4747,4770,7,53,7.883,2.3,Home,Brisbane,create,middle_third,middle_third,5.37,9.06,False,False,False,0.00807,0.00834,0.00028,0.00028,
45,1,4770,4900,7,56,7.933,13.0,Home,Brisbane,finish,middle_third,attacking_third,10.55,27.46,False,False,False,0.00544,0.00265,-0.00279,-0.00279,
46,1,4900,5022,8,9,8.15,12.2,Away,Perth,build_up,defensive_third,defensive_third,-27.96,-33.58,False,False,False,0.00286,0.00197,-0.0009,0.0009,
47,1,5110,5181,8,30,8.5,7.1,Home,Brisbane,build_up,defensive_third,defensive_third,-26.51,-20.27,False,False,False,0.01677,0.01608,-0.00069,-0.00069,
48,1,5181,5428,8,37,8.617,24.7,Home,Brisbane,create,defensive_third,middle_third,-19.47,15.09,False,False,False,0.01637,0.00281,-0.01356,-0.01356,
49,1,5428,5439,9,1,9.017,1.1,Home,Brisbane,finish,middle_third,attacking_third,15.58,20.18,False,False,False,0.00352,0.00362,0.0001,0.0001,
50,1,5439,5549,9,2,9.033,11.0,Away,Perth,transition,defensive_third,attacking_third,-20.13,29.23,False,False,False,0.00414,0.02399,0.01985,-0.01985,
51,1,5549,5576,9,13,9.217,2.7,Home,Brisbane,chaotic,defensive_third,defensive_third,-29.1,-18.15,False,False,False,0.01622,0.00994,-0.00628,-0.00628,
52,1,5576,5660,9,16,9.267,8.4,Away,Perth,finish,attacking_third,attacking_third,18.4,40.3,True,True,False,0.01405,0.06373,0.04968,-0.04968,pinch
53,1,5660,5669,9,25,9.417,0.9,Home,Brisbane,chaotic,defensive_third,defensive_third,-40.32,-39.46,False,False,False,0.0,0.19503,0.19503,0.19503,
54,1,5669,5706,9,25,9.417,3.7,Home,Brisbane,direct,defensive_third,middle_third,-38.61,0.98,False,False,False,0.19503,0.0076,-0.18743,-0.18743,
55,1,5706,5826,9,29,9.483,12.0,Away,Perth,create,middle_third,middle_third,-1.71,14.42,False,False,False,0.00753,0.01351,0.00598,-0.00598,
56,1,5826,6035,9,41,9.683,20.9,Home,Brisbane,create,middle_third,attacking_third,-14.8,17.58,False,False,False,0.00992,0.00327,-0.00665,-0.00665,
57,1,6035,6051,10,2,10.033,1.6,Away,Perth,chaotic,defensive_third,middle_third,-17.7,-9.21,False,False,False,0.00306,0.00582,0.00276,-0.00276,
58,1,6051,6193,10,4,10.067,14.2,Home,Brisbane,create,middle_third,middle_third,8.62,4.74,False,False,False,0.00577,0.0069,0.00113,0.00113,
59,1,6193,6240,10,18,10.3,4.7,Away,Perth,transition,middle_third,attacking_third,-4.31,22.73,False,False,False,0.00552,0.01552,0.01,-0.01,
60,1,6407,6438,10,39,10.65,3.1,Away,Perth,finish,attacking_third,middle_third,20.49,5.79,False,False,False,0.00988,0.00668,-0.0032,0.0032,
61,1,6438,6513,10,42,10.7,7.5,Away,Perth,create,middle_third,middle_third,5.29,9.01,False,False,False,0.00534,0.00799,0.00264,-0.00264,
62,1,6513,6544,10,50,10.833,3.1,Away,Perth,finish,middle_third,middle_third,8.91,5.41,False,False,False,0.00875,0.00893,0.00018,-0.00018,
63,1,6544,6640,10,53,10.883,9.6,Away,Perth,create,middle_third,defensive_third,4.3,-19.19,False,False,False,0.00788,0.00439,-0.00349,0.00349,
64,1,6640,6685,11,3,11.05,4.5,Away,Perth,build_up,defensive_third,defensive_third,-20.13,-20.76,False,False,False,0.00388,0.00368,-0.0002,0.0002,
65,1,6685,6715,11,7,11.117,3.0,Away,Perth,create,defensive_third,middle_third,-19.89,4.57,False,False,False,0.00656,0.00902,0.00247,-0.00247,
66,1,6715,6764,11,10,11.167,4.9,Home,Brisbane,chaotic,middle_third,defensive_third,-4.91,-38.57,False,False,False,0.00958,0.01478,0.0052,0.0052,
67,1,6915,6956,11,30,11.5,4.1,Away,Perth,finish,attacking_third,attacking_third,31.31,41.79,True,False,False,0.02093,0.04273,0.0218,-0.0218,
68,1,6956,7013,11,34,11.567,5.7,Home,Brisbane,chaotic,defensive_third,defensive_third,-41.45,-32.23,False,False,False,0.1352,0.08141,-0.05378,-0.05378,
69,1,7013,7105,11,40,11.667,9.2,Away,Perth,finish,attacking_third,attacking_third,32.2,42.6,True,False,False,0.00796,0.0,-0.00796,0.00796,
70,1,7105,7148,11,49,11.817,4.3,Home,Brisbane,chaotic,defensive_third,defensive_third,-42.71,-19.91,False,False,False,0.25314,0.01203,-0.24111,-0.24111,
71,1,7148,7313,11,53,11.883,16.5,Away,Perth,create,attacking_third,defensive_third,18.85,-19.33,False,False,False,0.01651,0.00475,-0.01176,0.01176,
72,1,7313,7337,12,10,12.167,2.4,Away,Perth,build_up,defensive_third,defensive_third,-20.57,-29.39,False,False,False,0.00378,0.0028,-0.00098,0.00098,
73,1,7337,7389,12,12,12.2,5.2,Away,Perth,chaotic,defensive_third,attacking_third,-29.06,26.68,False,False,False,0.0028,0.01833,0.01553,-0.01553,
74,1,7389,7550,12,17,12.283,16.1,Home,Brisbane,build_up,defensive_third,defensive_third,-27.15,-20.11,False,False,False,0.03834,0.01583,-0.02251,-0.02251,
75,1,7550,7576,12,34,12.567,2.6,Home,Brisbane,create,defensive_third,middle_third,-18.21,-12.33,False,False,False,0.01746,0.01234,-0.00512,-0.00512,
76,1,7576,7601,12,36,12.6,2.5,Away,Perth,chaotic,middle_third,middle_third,12.41,16.19,False,False,False,0.01175,0.01539,0.00364,-0.00364,
77,1,8248,8286,13,43,13.717,3.8,Away,Perth,finish,attacking_third,attacking_third,19.81,56.91,False,False,False,0.01299,0.0,-0.01299,0.01299,
78,1,8474,8500,14,6,14.1,2.6,Home,Brisbane,build_up,middle_third,defensive_third,,-48.24,False,False,False,0.0,0.00752,0.00752,0.00752,
79,1,8500,8527,14,9,14.15,2.7,Home,Brisbane,direct,defensive_third,middle_third,-47.19,3.67,False,False,False,0.00871,0.00533,-0.00338,-0.00338,
80,1,8527,8587,14,11,14.183,6.0,Home,Brisbane,create,middle_third,middle_third,3.75,11.93,False,False,False,0.00533,0.00484,-0.00049,-0.00049,
81,1,8587,8621,14,17,14.283,3.4,Away,Perth,create,middle_third,defensive_third,-12.12,-19.65,False,False,False,0.00402,0.00293,-0.00108,0.00108,
82,1,8621,8762,14,21,14.35,14.1,Away,Perth,build_up,defensive_third,defensive_third,-21.34,-24.53,False,False,False,0.00313,0.00375,0.00063,-0.00063,
83,1,8762,8895,14,35,14.583,13.3,Home,Brisbane,quick_break,attacking_third,attacking_third,23.26,44.75,False,False,False,0.00299,0.00062,-0.00237,-0.00237,
84,1,8895,9100,14,48,14.8,20.5,Home,Brisbane,finish,attacking_third,attacking_third,44.17,36.71,True,False,False,0.00081,0.00237,0.00156,0.00156,
85,1,9100,9162,15,9,15.15,6.2,Away,Perth,build_up,defensive_third,defensive_third,-37.69,-20.18,False,False,False,0.0025,0.00405,0.00155,-0.00155,
86,1,9162,9236,15,15,15.25,7.4,Away,Perth,create,defensive_third,defensive_third,-19.59,-19.32,False,False,False,0.00386,0.00384,-1e-05,1e-05,
87,1,9236,9349,15,22,15.367,11.3,Away,Perth,build_up,defensive_third,defensive_third,-20.48,-20.71,False,False,False,0.00367,0.0033,-0.00037,0.00037,
88,1,9349,9417,15,33,15.55,6.8,Away,Perth,create,defensive_third,attacking_third,-18.38,19.69,False,False,False,0.00351,0.01372,0.01021,-0.01021,
89,1,9417,9533,15,40,15.667,11.6,Away,Perth,finish,attacking_third,attacking_third,20.35,38.77,True,False,False,0.01372,0.0284,0.01468,-0.01468,
90,1,9533,9535,15,52,15.867,0.2,Home,Brisbane,chaotic,defensive_third,defensive_third,-38.56,-38.43,False,False,False,0.00642,0.01474,0.00831,0.00831,
91,1,10002,10018,16,39,16.65,1.6,Home,Brisbane,chaotic,defensive_third,middle_third,-24.94,-9.35,False,False,False,0.01822,0.00823,-0.00999,-0.00999,
92,1,10018,10036,16,40,16.667,1.8,Away,Perth,chaotic,middle_third,middle_third,9.96,16.58,False,False,False,0.00699,0.01219,0.00519,-0.00519,
93,1,10036,10054,16,42,16.7,1.8,Home,Brisbane,chaotic,middle_third,middle_third,-16.21,-8.61,False,False,False,0.01393,0.00927,-0.00466,-0.00466,
94,1,10207,10437,16,59,16.983,23.0,Home,Brisbane,create,middle_third,defensive_third,-6.44,-19.91,False,False,False,0.01258,0.01418,0.0016,0.0016,
95,1,10437,10504,17,22,17.367,6.7,Home,Brisbane,build_up,defensive_third,defensive_third,-20.73,-20.22,False,False,False,0.03151,0.01142,-0.02009,-0.02009,
96,1,10504,10593,17,29,17.483,8.9,Home,Brisbane,create,defensive_third,middle_third,-19.55,16.87,False,False,False,0.01142,0.00715,-0.00427,-0.00427,
97,1,10593,10644,17,38,17.633,5.1,Home,Brisbane,finish,attacking_third,attacking_third,17.59,46.68,True,False,False,0.00473,0.00214,-0.00259,-0.00259,
98,1,11050,11087,18,24,18.4,3.7,Away,Perth,direct,middle_third,middle_third,,16.82,False,False,False,0.0,0.01167,0.01167,-0.01167,
99,1,11087,11109,18,27,18.45,2.2,Home,Brisbane,chaotic,middle_third,middle_third,-17.41,-15.03,False,False,False,0.01175,0.01138,-0.00038,-0.00038,
100,1,11109,11182,18,29,18.483,7.3,Away,Perth,chaotic,middle_third,attacking_third,14.92,50.95,True,False,False,0.01345,1.0,0.98655,-0.98655,
101,1,11598,11656,19,18,19.3,5.8,Home,Brisbane,direct,middle_third,middle_third,,4.94,False,False,False,0.0,0.00626,0.00626,0.00626,
102,1,11656,11670,19,24,19.4,1.4,Away,Perth,chaotic,middle_third,middle_third,-4.4,4.2,False,False,False,0.00509,0.0054,0.00032,-0.00032,
103,1,11670,11689,19,26,19.433,1.9,Home,Brisbane,chaotic,middle_third,middle_third,-4.94,8.05,False,False,False,0.00772,0.00591,-0.00181,-0.00181,
104,1,11689,11707,19,27,19.45,1.8,Away,Perth,chaotic,middle_third,middle_third,-8.32,12.87,False,False,False,0.00474,0.01101,0.00627,-0.00627,
105,1,11707,11727,19,29,19.483,2.0,Home,Brisbane,chaotic,middle_third,middle_third,-12.71,-3.66,False,False,False,0.01155,0.00827,-0.00328,-0.00328,
106,1,11832,11863,19,42,19.7,3.1,Home,Brisbane,direct,middle_third,attacking_third,-8.6,27.7,False,False,False,0.01097,0.00283,-0.00815,-0.00815,
107,1,11863,11877,19,45,19.75,1.4,Away,Perth,build_up,defensive_third,defensive_third,-27.82,-20.23,False,False,False,0.00382,0.00404,0.00022,-0.00022,
108,1,11877,11895,19,46,19.767,1.8,Away,Perth,create,defensive_third,defensive_third,-19.98,-19.81,False,False,False,0.00404,0.00419,0.00015,-0.00015,
109,1,11895,12034,19,48,19.8,13.9,Away,Perth,build_up,defensive_third,defensive_third,-20.05,-21.16,False,False,False,0.00419,0.00339,-0.0008,0.0008,
110,1,12034,12044,20,2,20.033,1.0,Away,Perth,create,defensive_third,middle_third,-19.96,-10.39,False,False,False,0.00378,0.00657,0.00279,-0.00279,
111,1,12044,12074,20,3,20.05,3.0,Home,Brisbane,chaotic,middle_third,attacking_third,10.08,24.95,False,False,False,0.0052,0.00348,-0.00172,-0.00172,
112,1,12074,12090,20,6,20.1,1.6,Away,Perth,build_up,defensive_third,defensive_third,-25.32,-20.12,False,False,False,0.00292,0.00506,0.00214,-0.00214,
113,1,12090,12181,20,8,20.133,9.1,Away,Perth,create,defensive_third,middle_third,-19.89,14.9,False,False,False,0.0038,0.01366,0.00986,-0.00986,
114,1,12181,12249,20,17,20.283,6.8,Home,Brisbane,create,middle_third,middle_third,-15.19,4.8,False,False,False,0.01195,0.0067,-0.00526,-0.00526,
115,1,12249,12340,20,23,20.383,9.1,Away,Perth,create,middle_third,middle_third,-4.53,8.8,False,False,False,0.00807,0.01006,0.002,-0.002,
116,1,12340,12392,20,33,20.55,5.2,Away,Perth,finish,middle_third,middle_third,8.73,5.53,False,False,False,0.01006,0.01016,0.0001,-0.0001,
117,1,12392,12565,20,38,20.633,17.3,Away,Perth,create,middle_third,middle_third,4.3,14.91,False,False,False,0.00743,0.01378,0.00635,-0.00635,
118,1,12616,12754,21,0,21.0,13.8,Away,Perth,create,middle_third,defensive_third,11.33,-19.28,False,False,False,0.00822,0.00271,-0.00551,0.00551,
119,1,12754,12818,21,14,21.233,6.4,Away,Perth,build_up,defensive_third,defensive_third,-20.77,-21.0,False,False,False,0.00281,0.00396,0.00115,-0.00115,
120,1,12818,12819,21,20,21.333,0.1,Away,Perth,create,defensive_third,defensive_third,-19.37,-19.37,False,False,False,0.00423,0.00423,0.0,-0.0,
121,1,12891,13060,21,28,21.467,16.9,Home,Brisbane,create,middle_third,defensive_third,-7.88,-19.99,False,False,False,0.00871,0.01469,0.00598,0.00598,
122,1,13060,13138,21,45,21.75,7.8,Home,Brisbane,build_up,defensive_third,defensive_third,-20.16,-20.89,False,False,False,0.01469,0.01342,-0.00127,-0.00127,
123,1,13138,13183,21,52,21.867,4.5,Home,Brisbane,create,defensive_third,middle_third,-19.47,7.26,False,False,False,0.01482,0.00409,-0.01073,-0.01073,
124,1,13183,13251,21,57,21.95,6.8,Away,Perth,create,middle_third,middle_third,-7.22,13.82,False,False,False,0.0046,0.01169,0.00709,-0.00709,
125,1,13671,13681,22,46,22.767,1.0,Away,Perth,set_play,middle_third,attacking_third,15.94,28.95,False,False,False,0.01445,0.01298,-0.00146,0.00146,
126,1,13932,13978,23,12,23.2,4.6,Home,Brisbane,build_up,defensive_third,defensive_third,-48.46,-20.53,False,False,False,0.2,0.01225,-0.18775,-0.18775,
127,1,13978,13982,23,16,23.267,0.4,Home,Brisbane,create,defensive_third,middle_third,-18.56,-14.58,False,False,False,0.01081,0.00992,-0.0009,-0.0009,
128,1,13982,14006,23,17,23.283,2.4,Away,Perth,chaotic,middle_third,attacking_third,14.18,25.14,False,False,False,0.01351,0.03245,0.01894,-0.01894,
129,1,14006,14018,23,19,23.317,1.2,Home,Brisbane,chaotic,defensive_third,middle_third,-24.91,-12.03,False,False,False,0.01675,0.00898,-0.00777,-0.00777,
130,1,14018,14051,23,20,23.333,3.3,Away,Perth,chaotic,middle_third,attacking_third,11.66,28.08,False,False,False,0.01185,0.01474,0.0029,-0.0029,
131,1,14226,14277,23,41,23.683,5.1,Home,Brisbane,build_up,defensive_third,defensive_third,-48.42,-20.19,False,False,False,0.25,0.01721,-0.23279,-0.23279,
132,1,14277,14307,23,46,23.767,3.0,Home,Brisbane,create,defensive_third,middle_third,-18.55,-10.39,False,False,False,0.01511,0.01148,-0.00364,-0.00364,
133,1,14399,14434,23,58,23.967,3.5,Home,Brisbane,create,middle_third,attacking_third,-4.16,25.13,False,True,False,0.00727,0.00276,-0.00451,-0.00451,chance
134,1,14434,14855,24,2,24.033,42.1,Home,Brisbane,finish,attacking_third,middle_third,26.33,6.79,False,True,False,0.00297,0.00628,0.0033,0.0033,chance
135,1,14855,14874,24,44,24.733,1.9,Home,Brisbane,create,middle_third,middle_third,5.82,4.93,False,False,False,0.0066,0.0067,0.0001,0.0001,
136,1,14874,15042,24,46,24.767,16.8,Home,Brisbane,finish,middle_third,attacking_third,5.11,46.38,True,False,False,0.00683,0.00178,-0.00505,-0.00505,
137,1,15042,15100,25,3,25.05,5.8,Away,Perth,build_up,defensive_third,defensive_third,-46.03,-20.12,False,False,False,0.003,0.00341,0.00041,-0.00041,
138,1,15100,15191,25,9,25.15,9.1,Away,Perth,create,defensive_third,attacking_third,-19.75,22.23,False,False,False,0.00341,0.01567,0.01226,-0.01226,
139,1,15191,15199,25,18,25.3,0.8,Away,Perth,finish,attacking_third,attacking_third,22.53,22.83,False,False,False,0.02228,0.0153,-0.00698,0.00698,
140,1,15199,15241,25,18,25.3,4.2,Home,Brisbane,chaotic,defensive_third,defensive_third,-22.77,-20.85,False,False,False,0.02234,0.01066,-0.01168,-0.01168,
141,1,17004,17018,28,19,28.317,1.4,Home,Brisbane,chaotic,middle_third,middle_third,11.13,14.0,False,False,False,0.00447,0.0039,-0.00057,-0.00057,
142,1,17018,17026,28,20,28.333,0.8,Away,Perth,chaotic,middle_third,middle_third,-13.5,-6.88,False,False,False,0.00283,0.00346,0.00063,-0.00063,
143,1,17184,17203,28,37,28.617,1.9,Home,Brisbane,finish,middle_third,middle_third,6.65,5.3,False,False,False,0.00545,0.0039,-0.00155,-0.00155,
144,1,17203,17228,28,39,28.65,2.5,Home,Brisbane,create,middle_third,attacking_third,5.1,20.33,False,False,False,0.0039,0.00547,0.00157,0.00157,
145,1,17228,17277,28,41,28.683,4.9,Away,Perth,chaotic,defensive_third,attacking_third,-20.44,18.52,False,False,False,0.00345,0.01222,0.00877,-0.00877,
147,1,17279,17421,28,46,28.767,14.2,Home,Brisbane,build_up,defensive_third,defensive_third,-20.48,-31.93,False,True,False,0.01177,0.03209,0.02033,0.02033,chance
146,1,17277,17279,28,46,28.767,0.2,Home,Brisbane,create,defensive_third,defensive_third,-19.19,-19.86,False,True,False,0.01784,0.01177,-0.00608,-0.00608,chance
148,1,17421,17453,29,1,29.017,3.2,Home,Brisbane,direct,defensive_third,middle_third,-30.84,13.95,False,True,False,0.02266,0.00497,-0.01769,-0.01769,chance
149,1,17453,17489,29,4,29.067,3.6,Home,Brisbane,create,middle_third,attacking_third,14.14,21.51,False,True,False,0.00431,0.00431,-1e-05,-1e-05,chance
150,1,17489,17532,29,7,29.117,4.3,Home,Brisbane,finish,attacking_third,attacking_third,21.78,44.46,True,True,False,0.00431,0.00225,-0.00205,-0.00205,chance
151,1,17532,17584,29,12,29.2,5.2,Away,Perth,chaotic,defensive_third,middle_third,-44.85,-17.18,False,False,False,0.00195,0.00478,0.00283,-0.00283,
152,1,17584,17982,29,17,29.283,39.8,Home,Brisbane,finish,middle_third,attacking_third,16.92,48.72,True,True,False,0.00417,0.00165,-0.00253,-0.00253,chance
153,1,18380,18462,30,37,30.617,8.2,Away,Perth,direct,middle_third,middle_third,,9.72,False,False,False,0.0,0.00916,0.00916,-0.00916,
154,1,18462,18520,30,45,30.75,5.8,Away,Perth,create,middle_third,attacking_third,10.36,26.31,False,False,False,0.00916,0.05113,0.04197,-0.04197,
155,1,18520,18530,30,51,30.85,1.0,Home,Brisbane,chaotic,defensive_third,middle_third,-25.69,-6.32,False,False,False,0.02349,0.01405,-0.00944,-0.00944,
156,1,20162,20310,33,35,33.583,14.8,Away,Perth,build_up,defensive_third,defensive_third,-35.45,-33.68,False,False,False,0.00216,0.0036,0.00144,-0.00144,
157,1,20310,20343,33,50,33.833,3.3,Away,Perth,direct,defensive_third,attacking_third,-32.42,19.38,False,False,False,0.00325,0.01918,0.01593,-0.01593,
159,1,20344,20399,33,53,33.883,5.5,Home,Brisbane,build_up,defensive_third,defensive_third,-20.24,-40.28,False,False,False,0.0154,0.02445,0.00905,0.00905,
158,1,20343,20344,33,53,33.883,0.1,Home,Brisbane,create,defensive_third,defensive_third,-19.9,-19.9,False,False,False,0.0154,0.0154,0.0,0.0,
160,1,20399,20449,33,58,33.967,5.0,Home,Brisbane,direct,defensive_third,attacking_third,-39.26,26.7,False,False,False,0.02367,0.00228,-0.02139,-0.02139,
161,1,20449,20516,34,3,34.05,6.7,Away,Perth,chaotic,defensive_third,defensive_third,-27.17,-28.22,False,False,False,0.00158,0.0019,0.00032,-0.00032,
162,1,20516,20547,34,10,34.167,3.1,Home,Brisbane,chaotic,attacking_third,attacking_third,28.32,27.17,False,False,False,0.00136,0.00159,0.00023,0.00023,
163,1,20652,20706,34,24,34.4,5.4,Away,Perth,chaotic,defensive_third,middle_third,-22.59,17.15,False,False,False,0.00282,0.01289,0.01007,-0.01007,
164,1,20706,20763,34,29,34.483,5.7,Home,Brisbane,chaotic,defensive_third,middle_third,-17.74,-1.71,False,False,False,0.01696,0.00759,-0.00938,-0.00938,
165,1,20763,20918,34,35,34.583,15.5,Away,Perth,create,middle_third,attacking_third,1.82,23.39,False,True,False,0.0082,0.01164,0.00345,-0.00345,pinch
166,1,20918,20999,34,50,34.833,8.1,Away,Perth,finish,attacking_third,attacking_third,23.81,48.9,True,True,False,0.01251,0.0,-0.01251,0.01251,pinch
167,1,20999,21193,34,58,34.967,19.4,Home,Brisbane,build_up,defensive_third,defensive_third,-49.08,-24.47,False,False,False,1.0,0.01251,-0.98749,-0.98749,
168,1,21404,21509,35,39,35.65,10.5,Home,Brisbane,create,middle_third,middle_third,,14.61,False,False,False,0.0,0.00356,0.00356,0.00356,
169,1,21509,21537,35,49,35.817,2.8,Home,Brisbane,finish,middle_third,middle_third,14.4,5.32,False,False,False,0.00409,0.0071,0.00301,0.00301,
170,1,21537,21540,35,52,35.867,0.3,Home,Brisbane,create,middle_third,middle_third,4.88,4.19,False,False,False,0.0071,0.00548,-0.00163,-0.00163,
171,1,21627,21937,36,1,36.017,31.0,Home,Brisbane,create,middle_third,defensive_third,-13.87,-19.57,False,False,False,0.01031,0.01179,0.00149,0.00149,
172,1,21937,21970,36,32,36.533,3.3,Home,Brisbane,build_up,defensive_third,defensive_third,-20.55,-20.17,False,False,False,0.01425,0.01512,0.00087,0.00087,
173,1,21970,21996,36,36,36.6,2.6,Home,Brisbane,create,defensive_third,middle_third,-19.31,-9.62,False,False,False,0.04352,0.0086,-0.03492,-0.03492,
174,1,22068,22335,36,45,36.75,26.7,Home,Brisbane,create,middle_third,middle_third,-10.13,-4.21,False,False,False,0.01078,0.00825,-0.00253,-0.00253,
175,1,22335,22427,37,12,37.2,9.2,Away,Perth,quick_break,middle_third,attacking_third,4.25,49.36,True,False,False,0.00873,0.08333,0.0746,-0.0746,
176,1,22617,22753,37,40,37.667,13.6,Home,Brisbane,create,middle_third,defensive_third,,-31.92,False,False,False,0.0,0.01131,0.01131,0.01131,
177,1,22753,22811,37,54,37.9,5.8,Away,Perth,chaotic,attacking_third,attacking_third,32.2,37.41,True,False,False,0.02399,0.0,-0.02399,0.02399,
178,1,22811,22823,38,0,38.0,1.2,Home,Brisbane,chaotic,defensive_third,defensive_third,-37.01,-25.52,False,False,False,0.04741,0.05351,0.0061,0.0061,
179,1,22823,22904,38,1,38.017,8.1,Away,Perth,finish,attacking_third,middle_third,24.53,5.49,False,False,False,0.02809,0.00882,-0.01927,0.01927,
180,1,22904,23023,38,9,38.15,11.9,Away,Perth,create,middle_third,attacking_third,4.13,23.73,False,False,False,0.00924,0.01328,0.00405,-0.00405,
181,1,23023,23144,38,21,38.35,12.1,Home,Brisbane,create,defensive_third,middle_third,-24.29,4.83,False,False,False,0.01362,0.00697,-0.00665,-0.00665,
182,1,23144,23265,38,33,38.55,12.1,Away,Perth,create,middle_third,defensive_third,-4.73,-19.62,False,False,False,0.00624,0.0042,-0.00204,0.00204,
183,1,23265,23397,38,45,38.75,13.2,Away,Perth,build_up,defensive_third,defensive_third,-20.37,-20.34,False,False,False,0.00413,0.00275,-0.00138,0.00138,
184,1,23397,23524,38,58,38.967,12.7,Away,Perth,create,defensive_third,middle_third,-19.53,7.55,False,False,False,0.00275,0.00894,0.00619,-0.00619,
185,1,23524,23615,39,11,39.183,9.1,Away,Perth,finish,middle_third,defensive_third,7.84,-27.77,False,False,False,0.01336,0.00287,-0.01049,0.01049,
186,1,23615,23675,39,20,39.333,6.0,Away,Perth,chaotic,attacking_third,attacking_third,28.06,47.32,True,False,False,0.0209,0.25,0.2291,-0.2291,
187,1,23839,23878,39,42,39.7,3.9,Home,Brisbane,create,middle_third,middle_third,,13.52,False,False,False,0.0,0.00433,0.00433,0.00433,
188,1,23878,23892,39,46,39.767,1.4,Home,Brisbane,finish,middle_third,attacking_third,13.94,26.47,False,False,False,0.00433,0.00437,5e-05,5e-05,
189,1,23974,23987,39,56,39.933,1.3,Home,Brisbane,create,middle_third,middle_third,9.13,4.53,False,False,False,0.00498,0.00626,0.00127,0.00127,
190,1,23987,24046,39,57,39.95,5.9,Home,Brisbane,finish,middle_third,middle_third,5.09,5.91,False,False,False,0.00626,0.00546,-0.0008,-0.0008,
191,1,24046,24086,40,3,40.05,4.0,Home,Brisbane,create,middle_third,middle_third,5.42,4.25,False,False,False,0.00613,0.0059,-0.00023,-0.00023,
192,1,24086,24147,40,7,40.117,6.1,Home,Brisbane,finish,middle_third,middle_third,5.56,7.2,False,False,False,0.00533,0.00346,-0.00187,-0.00187,
193,1,24147,24267,40,13,40.217,12.0,Home,Brisbane,create,middle_third,attacking_third,5.6,20.62,False,False,False,0.00427,0.00377,-0.0005,-0.0005,
194,1,24267,24314,40,25,40.417,4.7,Home,Brisbane,finish,attacking_third,attacking_third,21.56,34.52,False,False,False,0.00359,0.0018,-0.00179,-0.00179,
195,1,24457,24638,40,44,40.733,18.1,Home,Brisbane,finish,attacking_third,attacking_third,40.56,37.03,False,False,False,0.00113,0.00245,0.00132,0.00132,
196,1,24638,24736,41,2,41.033,9.8,Away,Perth,build_up,defensive_third,defensive_third,-37.22,-49.77,False,False,False,0.00134,0.00137,3e-05,-3e-05,
197,1,24736,24766,41,12,41.2,3.0,Away,Perth,direct,defensive_third,middle_third,-49.15,-15.7,False,False,False,0.00148,0.00304,0.00156,-0.00156,
198,1,24766,24784,41,15,41.25,1.8,Away,Perth,create,middle_third,defensive_third,-15.08,-19.83,False,False,False,0.00348,0.0032,-0.00029,0.00029,
199,1,24784,24821,41,17,41.283,3.7,Away,Perth,build_up,defensive_third,defensive_third,-20.5,-21.68,False,False,False,0.00331,0.00286,-0.00045,0.00045,
201,1,24829,24851,41,21,41.35,2.2,Home,Brisbane,finish,middle_third,middle_third,10.48,6.09,False,False,False,0.00418,0.00584,0.00166,0.00166,
200,1,24821,24829,41,21,41.35,0.8,Away,Perth,create,defensive_third,middle_third,-19.7,-10.62,False,False,False,0.00331,0.0048,0.00148,-0.00148,
202,1,24851,25099,41,24,41.4,24.8,Home,Brisbane,create,middle_third,middle_third,5.17,-10.33,False,False,False,0.00673,0.01139,0.00467,0.00467,
203,1,25099,25142,41,48,41.8,4.3,Home,Brisbane,direct,middle_third,attacking_third,-9.35,39.29,True,False,False,0.01006,0.00225,-0.00781,-0.00781,
204,1,25142,25286,41,53,41.883,14.4,Away,Perth,build_up,defensive_third,defensive_third,-39.8,-20.57,False,False,False,0.00242,0.00339,0.00097,-0.00097,
205,1,25286,25309,42,7,42.117,2.3,Away,Perth,create,defensive_third,middle_third,-19.29,-5.04,False,False,False,0.00406,0.00445,0.00039,-0.00039,
206,1,25548,25739,42,33,42.55,19.1,Home,Brisbane,create,middle_third,defensive_third,-0.29,-19.65,False,False,False,0.00309,0.01133,0.00824,0.00824,
207,1,25739,25819,42,52,42.867,8.0,Home,Brisbane,build_up,defensive_third,defensive_third,-20.55,-20.22,False,False,False,0.014,0.01129,-0.0027,-0.0027,
208,1,25819,25887,43,0,43.0,6.8,Home,Brisbane,create,defensive_third,attacking_third,-19.6,17.95,False,False,False,0.01741,0.00334,-0.01406,-0.01406,
209,1,25887,26016,43,7,43.117,12.9,Home,Brisbane,finish,attacking_third,attacking_third,18.45,48.16,True,False,False,0.00334,0.00137,-0.00198,-0.00198,
210,1,26327,26337,43,51,43.85,1.0,Home,Brisbane,set_play,attacking_third,attacking_third,50.08,47.88,True,False,False,0.0,0.00165,0.00165,0.00165,
211,1,26752,26804,44,34,44.567,5.2,Away,Perth,direct,middle_third,middle_third,,16.08,False,False,False,0.0,0.0135,0.0135,-0.0135,
212,1,26804,26809,44,39,44.65,0.5,Home,Brisbane,create,middle_third,defensive_third,-16.89,-19.62,False,False,False,0.00902,0.01067,0.00165,0.00165,
213,1,26809,26838,44,39,44.65,2.9,Home,Brisbane,build_up,defensive_third,defensive_third,-20.17,-38.33,False,False,False,0.01067,0.00421,-0.00646,-0.00646,
214,1,26838,26865,44,42,44.7,2.7,Home,Brisbane,direct,defensive_third,middle_third,-37.75,3.15,False,False,False,0.00421,0.00606,0.00185,0.00185,
215,1,26865,26911,44,45,44.75,4.6,Home,Brisbane,create,middle_third,middle_third,3.82,14.86,False,False,False,0.00622,0.00429,-0.00193,-0.00193,
216,1,26911,26990,44,50,44.833,7.9,Away,Perth,create,middle_third,middle_third,-14.65,14.56,False,False,False,0.00535,0.00929,0.00395,-0.00395,
217,1,26990,27305,44,58,44.967,31.5,Away,Perth,finish,middle_third,attacking_third,14.55,46.71,True,False,False,0.00929,0.16806,0.15876,-0.15876,
247,2,30250,30326,0,0,45.0,7.6,Away,Perth,create,middle_third,defensive_third,-0.36,-21.51,False,False,False,0.005,0.0116,0.0066,-0.0066,
248,2,30326,30376,0,7,45.117,5.0,Away,Perth,direct,defensive_third,attacking_third,-20.97,39.98,True,False,False,0.01496,0.00242,-0.01254,0.01254,
249,2,30376,30516,0,12,45.2,14.0,Home,Brisbane,build_up,defensive_third,defensive_third,-40.4,-26.23,False,False,False,0.00244,0.00373,0.00129,0.00129,
250,2,30516,30544,0,26,45.433,2.8,Home,Brisbane,direct,defensive_third,attacking_third,-24.23,21.81,False,False,False,0.00344,0.02496,0.02152,0.02152,
218,1,27305,27489,45,29,45.483,18.4,Away,Perth,create,middle_third,attacking_third,,25.3,False,False,False,0.0,0.02525,0.02525,-0.02525,
251,2,30544,30605,0,29,45.483,6.1,Away,Perth,chaotic,defensive_third,defensive_third,-22.94,-33.14,False,False,False,0.01487,0.0161,0.00123,-0.00123,
219,1,27489,27534,45,47,45.783,4.5,Home,Brisbane,create,defensive_third,defensive_third,-25.23,-17.83,False,False,False,0.02645,0.01548,-0.01096,-0.01096,
252,2,30760,30770,0,51,45.85,1.0,Home,Brisbane,chaotic,attacking_third,attacking_third,33.15,40.73,False,False,False,0.0298,0.01722,-0.01258,-0.01258,
220,1,27534,27558,45,52,45.867,2.4,Home,Brisbane,direct,middle_third,attacking_third,-15.23,18.5,False,False,False,0.01046,0.0031,-0.00736,-0.00736,
253,2,30770,30808,0,52,45.867,3.8,Away,Perth,chaotic,defensive_third,defensive_third,-40.71,-27.61,False,False,False,0.01532,0.01697,0.00164,-0.00164,
221,1,27558,27606,45,54,45.9,4.8,Home,Brisbane,finish,attacking_third,middle_third,18.88,16.39,False,False,False,0.0031,0.00273,-0.00037,-0.00037,
254,2,30808,30842,0,55,45.917,3.4,Home,Brisbane,finish,attacking_third,middle_third,27.24,5.88,False,False,False,0.01616,0.00824,-0.00792,-0.00792,
222,1,27606,27985,45,59,45.983,37.9,Away,Perth,create,middle_third,defensive_third,-16.31,-19.76,False,False,False,0.00297,0.00345,0.00048,-0.00048,
255,2,30842,30888,0,59,45.983,4.6,Home,Brisbane,create,middle_third,middle_third,5.33,-7.6,False,False,False,0.00642,0.00561,-0.00081,-0.00081,
256,2,30888,30914,1,3,46.05,2.6,Home,Brisbane,direct,middle_third,attacking_third,-6.62,32.02,False,False,False,0.00527,0.02821,0.02295,0.02295,
257,2,30914,30969,1,6,46.1,5.5,Away,Perth,chaotic,defensive_third,middle_third,-32.86,-12.03,False,False,False,0.01704,0.00767,-0.00937,0.00937,
258,2,30969,30980,1,11,46.183,1.1,Home,Brisbane,finish,middle_third,middle_third,11.95,5.95,False,False,False,0.01137,0.00824,-0.00313,-0.00313,
259,2,30980,31206,1,13,46.217,22.6,Home,Brisbane,create,middle_third,middle_third,4.7,-16.62,False,False,False,0.00772,0.00293,-0.00478,-0.00478,
260,2,31206,31230,1,35,46.583,2.4,Home,Brisbane,direct,middle_third,attacking_third,-15.43,21.47,False,False,False,0.00356,0.01549,0.01194,0.01194,
223,1,27985,28027,46,37,46.617,4.2,Away,Perth,build_up,defensive_third,defensive_third,-20.3,-22.02,False,False,False,0.00345,0.00373,0.00028,-0.00028,
261,2,31230,31263,1,38,46.633,3.3,Away,Perth,chaotic,defensive_third,middle_third,-22.57,-8.61,False,False,False,0.01164,0.00684,-0.00481,0.00481,
224,1,28027,28164,46,41,46.683,13.7,Away,Perth,create,defensive_third,attacking_third,-19.78,24.89,False,False,False,0.00376,0.0151,0.01135,-0.01135,
262,2,31263,31301,1,41,46.683,3.8,Home,Brisbane,chaotic,middle_third,middle_third,8.7,12.49,False,False,False,0.00863,0.01107,0.00244,0.00244,
263,2,31301,31330,1,45,46.75,2.9,Away,Perth,chaotic,middle_third,middle_third,-12.22,-7.19,False,False,False,0.00895,0.01068,0.00173,-0.00173,
225,1,28164,28216,46,55,46.917,5.2,Away,Perth,finish,attacking_third,attacking_third,25.21,54.58,False,False,False,0.0151,0.0,-0.0151,0.0151,
264,2,31471,31586,2,2,47.033,11.5,Away,Perth,create,middle_third,defensive_third,-5.51,-18.94,False,False,False,0.00858,0.01656,0.00798,-0.00798,
265,2,31586,31674,2,13,47.217,8.8,Away,Perth,build_up,defensive_third,defensive_third,-20.01,-43.06,False,False,False,0.01644,0.25314,0.23671,-0.23671,
266,2,31674,31702,2,22,47.367,2.8,Away,Perth,direct,defensive_third,middle_third,-42.27,1.95,False,False,False,0.16402,0.006,-0.15802,0.15802,
267,2,31773,31856,2,32,47.533,8.3,Away,Perth,finish,attacking_third,attacking_third,19.52,29.5,False,False,False,0.00295,0.00191,-0.00103,0.00103,
226,1,28599,28634,47,38,47.633,3.5,Home,Brisbane,direct,middle_third,attacking_third,,19.54,False,False,False,0.0,0.00256,0.00256,0.00256,
227,1,28634,28654,47,42,47.7,2.0,Away,Perth,chaotic,defensive_third,middle_third,-19.06,5.28,False,False,False,0.0036,0.00662,0.00303,-0.00303,
228,1,28654,28674,47,44,47.733,2.0,Home,Brisbane,chaotic,middle_third,middle_third,-5.91,1.2,False,False,False,0.00824,0.00471,-0.00354,-0.00354,
229,1,28674,28701,47,46,47.767,2.7,Away,Perth,chaotic,middle_third,middle_third,-1.25,8.78,False,False,False,0.00626,0.00913,0.00287,-0.00287,
230,1,28701,28713,47,49,47.817,1.2,Home,Brisbane,chaotic,middle_third,middle_third,-8.92,1.11,False,False,False,0.00844,0.00471,-0.00373,-0.00373,
268,2,32007,32076,2,55,47.917,6.9,Away,Perth,finish,attacking_third,middle_third,32.75,5.4,False,False,False,0.0,0.00613,0.00613,-0.00613,
231,1,28830,28842,48,2,48.033,1.2,Away,Perth,create,middle_third,defensive_third,-10.65,-19.23,False,False,False,0.00348,0.00336,-0.00012,0.00012,
269,2,32076,32121,3,2,48.033,4.5,Away,Perth,create,middle_third,middle_third,5.27,4.74,False,False,False,0.00613,0.00621,8e-05,-8e-05,
232,1,28842,28917,48,3,48.05,7.5,Away,Perth,build_up,defensive_third,defensive_third,-20.4,-20.46,False,False,False,0.00275,0.00382,0.00107,-0.00107,
270,2,32121,32169,3,7,48.117,4.8,Away,Perth,finish,middle_third,middle_third,5.06,5.91,False,False,False,0.00606,0.00586,-0.0002,0.0002,
233,1,28917,28955,48,10,48.167,3.8,Away,Perth,create,defensive_third,middle_third,-19.19,-14.95,False,False,False,0.00336,0.00476,0.0014,-0.0014,
271,2,32169,32202,3,11,48.183,3.3,Away,Perth,create,middle_third,defensive_third,5.27,-19.83,False,False,False,0.00737,0.01512,0.00775,-0.00775,
272,2,32202,32243,3,15,48.25,4.1,Away,Perth,build_up,defensive_third,defensive_third,-20.66,-20.29,False,False,False,0.01316,0.02146,0.00831,-0.00831,
273,2,32243,32302,3,19,48.317,5.9,Away,Perth,create,defensive_third,middle_third,-18.86,14.21,False,False,False,0.0174,0.00473,-0.01267,0.01267,
274,2,32302,32350,3,25,48.417,4.8,Away,Perth,finish,middle_third,attacking_third,14.83,21.0,False,False,False,0.00441,0.00435,-6e-05,6e-05,
275,2,32350,32535,3,30,48.5,18.5,Home,Brisbane,create,defensive_third,defensive_third,-20.92,-19.96,False,True,False,0.00317,0.00367,0.0005,0.0005,chance
234,1,29115,29120,48,30,48.5,0.5,Away,Perth,create,middle_third,defensive_third,-16.01,-19.28,False,False,False,0.00476,0.00336,-0.0014,0.0014,
235,1,29120,29176,48,31,48.517,5.6,Away,Perth,build_up,defensive_third,defensive_third,-20.27,-20.0,False,False,False,0.00341,0.00345,5e-05,-5e-05,
236,1,29176,29223,48,36,48.6,4.7,Away,Perth,create,defensive_third,defensive_third,-19.68,-19.79,False,False,False,0.00353,0.00419,0.00066,-0.00066,
237,1,29223,29503,48,41,48.683,28.0,Away,Perth,build_up,defensive_third,defensive_third,-20.27,-29.94,False,False,False,0.00419,0.0037,-0.00049,0.00049,
276,2,32535,32719,3,48,48.8,18.4,Home,Brisbane,build_up,defensive_third,defensive_third,-20.03,-20.42,False,True,False,0.00367,0.0034,-0.00027,-0.00027,chance
277,2,32719,32799,4,6,49.1,8.0,Home,Brisbane,create,defensive_third,middle_third,-18.89,5.0,False,True,False,0.00385,0.00775,0.00391,0.00391,chance
238,1,29503,29539,49,9,49.15,3.6,Away,Perth,direct,defensive_third,attacking_third,-28.95,25.9,False,False,False,0.00265,0.02319,0.02054,-0.02054,
239,1,29539,29590,49,12,49.2,5.1,Home,Brisbane,chaotic,defensive_third,middle_third,-26.24,-13.19,False,False,False,0.01742,0.01024,-0.00719,-0.00719,
278,2,32799,32830,4,14,49.233,3.1,Home,Brisbane,finish,middle_third,middle_third,5.12,5.72,False,True,False,0.00775,0.00934,0.00159,0.00159,chance
279,2,32830,32857,4,18,49.3,2.7,Home,Brisbane,create,middle_third,middle_third,5.44,4.87,False,True,False,0.00881,0.00643,-0.00238,-0.00238,chance
280,2,32857,32898,4,20,49.333,4.1,Home,Brisbane,finish,middle_third,middle_third,6.0,5.52,False,True,False,0.00866,0.01099,0.00233,0.00233,chance
281,2,32898,32966,4,24,49.4,6.8,Home,Brisbane,create,middle_third,middle_third,5.15,5.57,False,True,False,0.00881,0.00949,0.00068,0.00068,chance
282,2,32966,33075,4,31,49.517,10.9,Home,Brisbane,finish,middle_third,attacking_third,5.92,45.16,True,True,False,0.00949,0.50806,0.49857,0.49857,chance
240,1,29752,29856,49,34,49.567,10.4,Home,Brisbane,set_play,middle_third,attacking_third,6.78,35.52,False,False,False,0.00561,0.0022,-0.00341,-0.00341,
241,1,29856,29899,49,44,49.733,4.3,Away,Perth,chaotic,defensive_third,defensive_third,-35.52,-21.46,False,False,False,0.00298,0.00495,0.00197,-0.00197,
242,1,29899,29915,49,48,49.8,1.6,Home,Brisbane,chaotic,attacking_third,attacking_third,21.69,27.95,False,False,False,0.00397,0.00302,-0.00095,-0.00095,
243,1,29915,29974,49,50,49.833,5.9,Away,Perth,chaotic,defensive_third,attacking_third,-28.12,20.91,False,False,False,0.00287,0.01968,0.01682,-0.01682,
244,1,29974,30047,49,56,49.933,7.3,Home,Brisbane,create,defensive_third,attacking_third,-21.19,22.9,False,True,False,0.01143,0.0023,-0.00913,-0.00913,chance
245,1,30047,30136,50,3,50.05,8.9,Home,Brisbane,finish,attacking_third,attacking_third,23.48,46.49,True,True,False,0.0023,0.00261,0.00031,0.00031,chance
283,2,33435,33445,5,18,50.3,1.0,Away,Perth,direct,middle_third,middle_third,,,False,False,False,0.0,0.0,0.0,-0.0,
246,1,30207,30250,50,19,50.317,4.3,Away,Perth,build_up,defensive_third,middle_third,-48.02,,False,False,False,0.0013,0.0,-0.0013,0.0013,
284,2,33678,33708,5,42,50.7,3.0,Home,Brisbane,chaotic,middle_third,middle_third,0.31,13.64,False,False,False,0.0058,0.01236,0.00656,0.00656,
285,2,33708,33745,5,45,50.75,3.7,Away,Perth,chaotic,middle_third,middle_third,-13.29,6.93,False,False,False,0.01259,0.00583,-0.00675,0.00675,
286,2,33745,33777,5,49,50.817,3.2,Home,Brisbane,chaotic,middle_third,middle_third,-7.06,13.77,False,False,False,0.00462,0.00819,0.00357,0.00357,
287,2,33777,33800,5,52,50.867,2.3,Away,Perth,chaotic,middle_third,defensive_third,-14.27,-19.78,False,False,False,0.01183,0.01642,0.0046,-0.0046,
288,2,33934,33944,6,8,51.133,1.0,Home,Brisbane,chaotic,middle_third,middle_third,3.72,10.6,False,False,False,0.01012,0.00836,-0.00175,-0.00175,
289,2,34027,34152,6,17,51.283,12.5,Away,Perth,create,middle_third,attacking_third,-13.43,17.73,False,False,False,0.01141,0.00526,-0.00615,0.00615,
290,2,34152,34179,6,30,51.5,2.7,Away,Perth,finish,attacking_third,attacking_third,18.26,31.74,False,False,False,0.00526,0.00262,-0.00264,0.00264,
291,2,34179,34225,6,32,51.533,4.6,Home,Brisbane,chaotic,defensive_third,defensive_third,-32.29,-18.52,False,False,False,0.00326,0.00451,0.00125,0.00125,
292,2,34225,34288,6,37,51.617,6.3,Away,Perth,chaotic,attacking_third,attacking_third,18.51,36.57,True,False,False,0.00439,0.0022,-0.00219,0.00219,
293,2,34288,34312,6,43,51.717,2.4,Home,Brisbane,chaotic,defensive_third,middle_third,-36.31,-15.96,False,False,False,0.00221,0.0036,0.00139,0.00139,
294,2,34312,34333,6,46,51.767,2.1,Away,Perth,finish,middle_third,middle_third,15.71,6.45,False,True,False,0.00427,0.00669,0.00242,-0.00242,pinch
295,2,34333,34403,6,48,51.8,7.0,Away,Perth,create,middle_third,middle_third,5.5,9.91,False,True,False,0.00669,0.00573,-0.00096,0.00096,pinch
296,2,34403,34523,6,55,51.917,12.0,Away,Perth,finish,middle_third,attacking_third,10.34,46.84,True,True,False,0.00573,0.00175,-0.00398,0.00398,pinch
297,2,34608,34694,7,15,52.25,8.6,Home,Brisbane,build_up,defensive_third,defensive_third,-48.21,-20.57,False,False,False,0.00192,0.0018,-0.00011,-0.00011,
298,2,34694,34704,7,24,52.4,1.0,Home,Brisbane,create,defensive_third,middle_third,-19.18,-10.2,False,False,False,0.00347,0.00295,-0.00053,-0.00053,
299,2,34863,34892,7,41,52.683,2.9,Away,Perth,create,middle_third,defensive_third,,-19.53,False,False,False,0.0,0.00948,0.00948,-0.00948,
300,2,34892,34937,7,44,52.733,4.5,Away,Perth,build_up,defensive_third,defensive_third,-20.08,-20.01,False,False,False,0.00948,0.02146,0.01198,-0.01198,
301,2,34937,34939,7,48,52.8,0.2,Away,Perth,create,defensive_third,defensive_third,-19.13,-18.64,False,False,False,0.0172,0.0174,0.00021,-0.00021,
302,2,34939,35035,7,48,52.8,9.6,Home,Brisbane,quick_break,attacking_third,attacking_third,18.47,53.24,False,True,False,0.01441,0.0,-0.01441,-0.01441,chance
303,2,35541,35593,8,49,53.817,5.2,Away,Perth,direct,middle_third,middle_third,,11.78,False,False,False,0.0,0.00505,0.00505,-0.00505,
304,2,35593,35601,8,54,53.9,0.8,Home,Brisbane,chaotic,middle_third,middle_third,-11.21,-7.29,False,False,False,0.00588,0.00738,0.00149,0.00149,
305,2,35601,35629,8,55,53.917,2.8,Away,Perth,create,middle_third,middle_third,7.22,8.94,False,False,False,0.00826,0.00658,-0.00169,0.00169,
306,2,35629,35723,8,57,53.95,9.4,Away,Perth,finish,middle_third,attacking_third,8.94,38.14,False,False,False,0.00584,0.00198,-0.00386,0.00386,
307,2,35836,35945,9,18,54.3,10.9,Home,Brisbane,build_up,defensive_third,defensive_third,-47.89,-20.62,False,False,False,0.00149,0.00406,0.00257,0.00257,
308,2,35945,36010,9,29,54.483,6.5,Home,Brisbane,create,defensive_third,attacking_third,-19.68,27.21,False,False,False,0.00371,0.03546,0.03175,0.03175,
309,2,36010,36065,9,36,54.6,5.5,Home,Brisbane,finish,attacking_third,attacking_third,27.64,30.31,False,False,False,0.02221,0.01985,-0.00236,-0.00236,
310,2,36065,36089,9,41,54.683,2.4,Away,Perth,build_up,defensive_third,defensive_third,-30.34,-20.52,False,False,False,0.03867,0.01138,-0.02728,0.02728,
311,2,36089,36120,9,43,54.717,3.1,Away,Perth,create,defensive_third,defensive_third,-19.75,-19.76,False,False,False,0.01667,0.01992,0.00325,-0.00325,
312,2,36120,36147,9,47,54.783,2.7,Away,Perth,build_up,defensive_third,defensive_third,-20.6,-21.49,False,False,False,0.01468,0.01143,-0.00324,0.00324,
313,2,36147,36151,9,49,54.817,0.4,Away,Perth,create,defensive_third,middle_third,-19.9,-15.51,False,False,False,0.01169,0.01152,-0.00017,0.00017,
314,2,36255,36435,10,0,55.0,18.0,Home,Brisbane,create,middle_third,middle_third,-17.12,-1.4,False,False,False,0.00273,0.00918,0.00646,0.00646,
315,2,36435,36452,10,18,55.3,1.7,Away,Perth,chaotic,middle_third,middle_third,0.24,-5.63,False,False,False,0.01321,0.00924,-0.00397,0.00397,
316,2,36452,36518,10,20,55.333,6.6,Home,Brisbane,create,middle_third,attacking_third,5.67,21.76,False,False,False,0.00945,0.0134,0.00395,0.00395,
317,2,36518,36783,10,26,55.433,26.5,Home,Brisbane,finish,attacking_third,middle_third,22.1,5.36,False,False,False,0.02178,0.00867,-0.01311,-0.01311,
318,2,36783,36902,10,53,55.883,11.9,Home,Brisbane,create,middle_third,middle_third,3.93,11.59,False,False,False,0.01093,0.02203,0.01109,0.01109,
319,2,36902,36918,11,5,56.083,1.6,Away,Perth,chaotic,middle_third,middle_third,-11.89,-9.56,False,False,False,0.0095,0.01378,0.00428,-0.00428,
320,2,36918,36955,11,6,56.1,3.7,Away,Perth,direct,middle_third,attacking_third,-8.76,24.62,False,False,False,0.01017,0.00316,-0.00701,0.00701,
321,2,36955,37340,11,10,56.167,38.5,Home,Brisbane,create,defensive_third,attacking_third,-24.85,19.75,False,True,False,0.00329,0.01781,0.01451,0.01451,chance
322,2,37340,37538,11,49,56.817,19.8,Home,Brisbane,finish,attacking_third,attacking_third,20.4,50.49,True,True,False,0.01369,1.0,0.98631,0.98631,chance
323,2,37941,37951,12,49,57.817,1.0,Away,Perth,direct,middle_third,middle_third,,,False,False,False,0.0,0.0,0.0,-0.0,
324,2,38044,38131,12,59,57.983,8.7,Home,Brisbane,create,middle_third,defensive_third,-12.29,-19.11,False,False,False,0.00342,0.00427,0.00085,0.00085,
325,2,38131,38224,13,8,58.133,9.3,Home,Brisbane,build_up,defensive_third,defensive_third,-20.13,-20.92,False,False,False,0.00419,0.00378,-0.00041,-0.00041,
326,2,38224,38267,13,17,58.283,4.3,Home,Brisbane,create,defensive_third,attacking_third,-19.14,20.03,False,False,False,0.00427,0.01369,0.00942,0.00942,
327,2,38267,38299,13,21,58.35,3.2,Away,Perth,chaotic,defensive_third,defensive_third,-20.94,-28.19,False,False,False,0.01592,0.02073,0.00481,-0.00481,
328,2,38299,38397,13,24,58.4,9.8,Home,Brisbane,finish,attacking_third,attacking_third,28.55,45.66,True,True,False,0.02846,0.0,-0.02846,-0.02846,chance
329,2,38800,38856,14,15,59.25,5.6,Away,Perth,direct,middle_third,middle_third,,15.32,False,True,False,0.0,0.00417,0.00417,-0.00417,pinch
330,2,38856,38955,14,20,59.333,9.9,Away,Perth,finish,middle_third,attacking_third,15.16,46.78,True,True,False,0.00417,0.00207,-0.0021,0.0021,pinch
331,2,38955,39234,14,30,59.5,27.9,Home,Brisbane,build_up,defensive_third,defensive_third,-47.71,-26.19,False,False,False,0.00219,0.00221,2e-05,2e-05,
332,2,39234,39260,14,58,59.967,2.6,Home,Brisbane,direct,defensive_third,middle_third,-25.51,9.92,False,False,False,0.00221,0.01148,0.00927,0.00927,
333,2,39260,39278,15,1,60.017,1.8,Away,Perth,create,middle_third,defensive_third,-10.74,-19.85,False,False,False,0.01127,0.01741,0.00613,-0.00613,
334,2,39278,39318,15,2,60.033,4.0,Away,Perth,build_up,defensive_third,defensive_third,-20.17,-21.56,False,False,False,0.01741,0.00933,-0.00808,0.00808,
335,2,39318,39329,15,6,60.1,1.1,Away,Perth,create,defensive_third,middle_third,-19.89,-8.55,False,False,False,0.01614,0.01217,-0.00397,0.00397,
336,2,39329,39656,15,7,60.117,32.7,Home,Brisbane,finish,middle_third,middle_third,8.49,6.4,False,False,False,0.01055,0.00776,-0.00279,-0.00279,
337,2,39656,39676,15,40,60.667,2.0,Home,Brisbane,create,middle_third,middle_third,5.54,4.88,False,False,False,0.00776,0.00932,0.00156,0.00156,
338,2,39676,39719,15,42,60.7,4.3,Home,Brisbane,finish,middle_third,middle_third,5.75,15.87,False,False,False,0.00952,0.01539,0.00587,0.00587,
339,2,39719,39791,15,46,60.767,7.2,Away,Perth,create,middle_third,middle_third,-15.83,-6.1,False,False,False,0.01202,0.01062,-0.0014,0.0014,
340,2,39791,39868,15,54,60.9,7.7,Home,Brisbane,create,middle_third,middle_third,5.46,14.39,False,False,False,0.01173,0.01661,0.00488,0.00488,
341,2,39868,39985,16,1,61.017,11.7,Home,Brisbane,finish,middle_third,middle_third,14.47,6.59,False,False,False,0.01661,0.00959,-0.00702,-0.00702,
342,2,39985,40033,16,13,61.217,4.8,Home,Brisbane,create,middle_third,middle_third,5.43,4.69,False,False,False,0.0106,0.00932,-0.00129,-0.00129,
343,2,40033,40074,16,18,61.3,4.1,Home,Brisbane,finish,middle_third,middle_third,5.04,6.62,False,False,False,0.00932,0.00738,-0.00194,-0.00194,
344,2,40074,40239,16,22,61.367,16.5,Home,Brisbane,create,middle_third,middle_third,5.38,7.93,False,False,False,0.00837,0.01019,0.00182,0.00182,
345,2,40239,40253,16,38,61.633,1.4,Home,Brisbane,finish,middle_third,attacking_third,8.34,21.11,False,False,False,0.01019,0.01143,0.00124,0.00124,
346,2,40253,40294,16,40,61.667,4.1,Away,Perth,chaotic,defensive_third,defensive_third,-21.9,-24.3,False,False,False,0.00933,0.02555,0.01622,-0.01622,
347,2,40294,40392,16,44,61.733,9.8,Home,Brisbane,finish,attacking_third,attacking_third,23.95,42.91,True,False,False,0.03203,0.0,-0.03203,-0.03203,
348,2,41063,41073,18,1,63.017,1.0,Away,Perth,direct,defensive_third,defensive_third,-49.2,-33.14,False,False,False,0.00833,0.0174,0.00907,-0.00907,
349,2,41168,41172,18,11,63.183,0.4,Home,Brisbane,create,middle_third,defensive_third,-16.98,-19.24,False,False,False,0.00217,0.00322,0.00105,0.00105,
350,2,41172,41230,18,12,63.2,5.8,Home,Brisbane,build_up,defensive_third,defensive_third,-20.25,-30.06,False,False,False,0.00293,0.00346,0.00053,0.00053,
351,2,41300,41337,18,25,63.417,3.7,Away,Perth,chaotic,middle_third,middle_third,4.69,4.16,False,False,False,0.00472,0.00407,-0.00065,0.00065,
352,2,41436,41584,18,38,63.633,14.8,Home,Brisbane,create,middle_third,defensive_third,-15.69,-19.82,False,False,False,0.00502,0.00402,-0.001,-0.001,
353,2,41584,41707,18,53,63.883,12.3,Home,Brisbane,build_up,defensive_third,defensive_third,-20.41,-20.21,False,False,False,0.00402,0.00362,-0.0004,-0.0004,
354,2,41707,41773,19,5,64.083,6.6,Home,Brisbane,create,defensive_third,middle_third,-19.63,-11.62,False,False,False,0.00362,0.00592,0.0023,0.0023,
355,2,41773,41808,19,12,64.2,3.5,Away,Perth,chaotic,middle_third,attacking_third,11.39,25.34,False,False,False,0.00481,0.00298,-0.00182,0.00182,
356,2,42184,42266,19,53,64.883,8.2,Away,Perth,set_play,attacking_third,middle_third,51.95,5.0,False,True,False,0.0,0.00622,0.00622,-0.00622,pinch
357,2,42266,42338,20,1,65.017,7.2,Away,Perth,create,middle_third,middle_third,4.76,5.97,False,False,False,0.00671,0.00476,-0.00195,0.00195,
358,2,42338,42467,20,8,65.133,12.9,Away,Perth,finish,middle_third,attacking_third,6.18,25.76,False,False,False,0.00476,0.00232,-0.00244,0.00244,
359,2,42713,42740,20,46,65.767,2.7,Away,Perth,chaotic,attacking_third,attacking_third,31.69,33.18,False,False,False,0.00167,0.00208,0.00041,-0.00041,
360,2,42875,42885,21,2,66.033,1.0,Home,Brisbane,chaotic,middle_third,middle_third,,,False,False,False,0.0,0.0,0.0,0.0,
361,2,43554,43601,22,10,67.167,4.7,Away,Perth,finish,middle_third,middle_third,12.57,5.6,False,False,False,0.00378,0.00458,0.00079,-0.00079,
362,2,43601,43660,22,15,67.25,5.9,Away,Perth,create,middle_third,defensive_third,4.87,-19.8,False,False,False,0.00546,0.0152,0.00974,-0.00974,
363,2,43660,43705,22,21,67.35,4.5,Away,Perth,build_up,defensive_third,defensive_third,-20.02,-42.13,False,False,False,0.01179,0.21196,0.20017,-0.20017,
364,2,43705,43747,22,25,67.417,4.2,Away,Perth,direct,defensive_third,attacking_third,-41.96,24.66,False,False,False,0.21196,0.00361,-0.20835,0.20835,
365,2,43747,43953,22,29,67.483,20.6,Home,Brisbane,create,defensive_third,middle_third,-24.9,0.79,False,False,False,0.00288,0.00666,0.00378,0.00378,
366,2,44054,44096,23,0,68.0,4.2,Away,Perth,build_up,defensive_third,defensive_third,-20.78,-42.98,False,True,False,0.01549,0.01896,0.00347,-0.00347,pinch
367,2,44096,44131,23,4,68.067,3.5,Away,Perth,direct,defensive_third,middle_third,-42.64,-1.35,False,True,False,0.01896,0.00873,-0.01023,0.01023,pinch
368,2,44131,44230,23,8,68.133,9.9,Away,Perth,create,middle_third,attacking_third,-1.89,17.62,False,True,False,0.00913,0.0039,-0.00523,0.00523,pinch
369,2,44230,44311,23,18,68.3,8.1,Away,Perth,finish,attacking_third,attacking_third,17.98,50.59,True,True,True,0.0043,0.00134,-0.00296,0.00296,goal_away
370,2,45941,45996,26,9,71.15,5.5,Home,Brisbane,create,middle_third,middle_third,-8.13,10.54,False,False,False,0.00605,0.00752,0.00147,0.00147,
371,2,45996,46020,26,14,71.233,2.4,Home,Brisbane,finish,middle_third,middle_third,10.83,13.25,False,False,False,0.00922,0.01157,0.00235,0.00235,
372,2,46120,46140,26,27,71.45,2.0,Home,Brisbane,create,middle_third,middle_third,10.06,4.83,False,False,False,0.01328,0.0109,-0.00238,-0.00238,
373,2,46140,46223,26,29,71.483,8.3,Home,Brisbane,finish,middle_third,attacking_third,5.5,35.43,False,False,False,0.00924,0.01939,0.01015,0.01015,
374,2,46288,46344,26,43,71.717,5.6,Home,Brisbane,finish,attacking_third,middle_third,32.14,6.82,False,False,False,0.01881,0.00878,-0.01003,-0.01003,
375,2,46344,46395,26,49,71.817,5.1,Home,Brisbane,create,middle_third,middle_third,5.59,14.75,False,False,False,0.00986,0.00818,-0.00169,-0.00169,
376,2,46395,46565,26,54,71.9,17.0,Home,Brisbane,finish,middle_third,attacking_third,15.59,42.33,True,False,False,0.00907,0.65152,0.64245,0.64245,
377,2,46565,46700,27,11,72.183,13.5,Home,Brisbane,create,middle_third,middle_third,,-3.86,False,False,False,0.0,0.00786,0.00786,0.00786,
378,2,46700,46714,27,25,72.417,1.4,Away,Perth,chaotic,middle_third,middle_third,3.89,12.88,False,False,False,0.00621,0.00449,-0.00172,0.00172,
379,2,46714,46737,27,26,72.433,2.3,Home,Brisbane,create,middle_third,defensive_third,-13.26,-19.81,False,False,False,0.0045,0.00331,-0.00119,-0.00119,
380,2,46737,46799,27,28,72.467,6.2,Home,Brisbane,build_up,defensive_third,defensive_third,-20.56,-20.03,False,False,False,0.00281,0.00479,0.00197,0.00197,
381,2,46799,46942,27,34,72.567,14.3,Home,Brisbane,create,defensive_third,middle_third,-19.71,10.2,False,False,False,0.00376,0.00798,0.00423,0.00423,
382,2,46942,47298,27,49,72.817,35.6,Home,Brisbane,finish,middle_third,middle_third,10.61,5.1,False,False,False,0.00765,0.00882,0.00117,0.00117,
383,2,47298,47370,28,24,73.4,7.2,Home,Brisbane,create,middle_third,defensive_third,4.36,-18.86,False,False,False,0.00924,0.00466,-0.00457,-0.00457,
384,2,47370,47401,28,32,73.533,3.1,Home,Brisbane,build_up,defensive_third,defensive_third,-20.07,-20.57,False,False,False,0.00656,0.00455,-0.002,-0.002,
385,2,47401,47536,28,35,73.583,13.5,Home,Brisbane,create,defensive_third,middle_third,-19.61,-1.64,False,False,False,0.00395,0.00549,0.00154,0.00154,
386,2,47876,47996,29,22,74.367,12.0,Away,Perth,create,middle_third,middle_third,5.51,10.82,False,False,False,0.00363,0.00587,0.00224,-0.00224,
387,2,47996,48041,29,34,74.567,4.5,Home,Brisbane,chaotic,middle_third,attacking_third,-10.45,19.07,False,False,False,0.00609,0.01351,0.00742,0.00742,
388,2,48041,48066,29,39,74.65,2.5,Away,Perth,chaotic,defensive_third,middle_third,-19.69,-6.88,False,False,False,0.01516,0.00861,-0.00655,0.00655,
389,2,48066,48094,29,41,74.683,2.8,Home,Brisbane,chaotic,middle_third,middle_third,7.09,11.12,False,False,False,0.01035,0.01015,-0.0002,-0.0002,
390,2,48094,48140,29,44,74.733,4.6,Away,Perth,chaotic,middle_third,middle_third,-10.71,3.3,False,False,False,0.01124,0.00674,-0.0045,0.0045,
391,2,48140,48197,29,49,74.817,5.7,Home,Brisbane,create,middle_third,middle_third,-3.14,13.24,False,False,False,0.00771,0.01194,0.00423,0.00423,
392,2,48197,48312,29,54,74.9,11.5,Home,Brisbane,finish,middle_third,attacking_third,13.5,36.39,True,False,False,0.01661,0.02703,0.01042,0.01042,
393,2,48312,48359,30,6,75.1,4.7,Away,Perth,build_up,defensive_third,defensive_third,-36.57,-24.43,False,False,False,0.01533,0.01977,0.00444,-0.00444,
394,2,48359,48433,30,10,75.167,7.4,Home,Brisbane,quick_break,attacking_third,attacking_third,24.15,46.22,False,False,False,0.01754,0.03593,0.01839,0.01839,
395,2,49025,49035,31,17,76.283,1.0,Home,Brisbane,set_play,attacking_third,attacking_third,50.32,50.73,True,False,False,0.0,0.0,0.0,0.0,
396,2,49318,49338,31,46,76.767,2.0,Away,Perth,chaotic,defensive_third,middle_third,-32.75,-12.79,False,False,False,0.01482,0.01024,-0.00458,0.00458,
397,2,49338,49351,31,48,76.8,1.3,Home,Brisbane,chaotic,middle_third,middle_third,13.01,16.32,False,False,False,0.00887,0.00819,-0.00067,-0.00067,
398,2,49351,49435,31,50,76.833,8.4,Away,Perth,create,middle_third,middle_third,-16.03,-7.08,False,False,False,0.01223,0.00999,-0.00224,0.00224,
399,2,49435,49464,31,58,76.967,2.9,Home,Brisbane,create,middle_third,middle_third,7.24,16.14,False,False,False,0.00946,0.0135,0.00404,0.00404,
400,2,49464,49514,32,1,77.017,5.0,Home,Brisbane,finish,middle_third,middle_third,16.8,7.22,False,False,False,0.01237,0.00959,-0.00278,-0.00278,
401,2,49514,49624,32,6,77.1,11.0,Home,Brisbane,create,middle_third,middle_third,5.85,4.87,False,False,False,0.00788,0.00893,0.00105,0.00105,
402,2,49624,49655,32,17,77.283,3.1,Home,Brisbane,finish,middle_third,attacking_third,5.23,21.5,False,False,False,0.00984,0.0156,0.00576,0.00576,
403,2,49655,49729,32,20,77.333,7.4,Away,Perth,create,defensive_third,defensive_third,-21.6,-19.07,False,False,False,0.01473,0.01081,-0.00391,0.00391,
404,2,49729,49786,32,27,77.45,5.7,Away,Perth,build_up,defensive_third,defensive_third,-20.75,-21.62,False,False,False,0.01054,0.02348,0.01294,-0.01294,
405,2,49786,49795,32,33,77.55,0.9,Away,Perth,create,defensive_third,middle_third,-19.34,-5.81,False,False,False,0.02022,0.01064,-0.00957,0.00957,
406,2,49795,49918,32,34,77.567,12.3,Home,Brisbane,quick_break,middle_third,attacking_third,5.56,50.38,True,True,False,0.00894,0.0,-0.00894,-0.00894,chance
407,2,49918,50140,32,46,77.767,22.2,Away,Perth,build_up,defensive_third,defensive_third,-51.1,-38.07,False,False,False,0.0,0.01449,0.01449,-0.01449,
408,2,50140,50175,33,9,78.15,3.5,Away,Perth,direct,defensive_third,middle_third,-36.9,15.78,False,False,False,0.0,0.00448,0.00448,-0.00448,
409,2,50175,50229,33,12,78.2,5.4,Away,Perth,create,middle_third,attacking_third,16.07,19.63,False,False,False,0.00392,0.00441,0.00049,-0.00049,
410,2,50229,50286,33,17,78.283,5.7,Away,Perth,finish,attacking_third,middle_third,20.23,5.27,False,False,False,0.00441,0.00542,0.00101,-0.00101,
411,2,50286,50343,33,23,78.383,5.7,Away,Perth,create,middle_third,middle_third,4.83,-3.13,False,False,False,0.00542,0.00765,0.00223,-0.00223,
412,2,50343,50626,33,29,78.483,28.3,Home,Brisbane,quick_break,middle_third,attacking_third,3.07,47.32,True,False,False,0.00887,0.0,-0.00887,-0.00887,
413,2,51555,51565,35,30,80.5,1.0,Away,Perth,direct,defensive_third,defensive_third,-43.04,-26.47,False,False,False,0.16131,0.02247,-0.13884,0.13884,
414,2,51756,51770,35,50,80.833,1.4,Away,Perth,finish,middle_third,middle_third,11.79,7.97,False,False,False,0.00458,0.00358,-0.001,0.001,
415,2,51770,51806,35,52,80.867,3.6,Away,Perth,create,middle_third,defensive_third,7.09,-19.78,False,False,False,0.00365,0.01418,0.01053,-0.01053,
416,2,51806,51821,35,55,80.917,1.5,Away,Perth,build_up,defensive_third,defensive_third,-20.51,-22.34,False,False,False,0.03151,0.0166,-0.01491,0.01491,
417,2,51821,51887,35,57,80.95,6.6,Away,Perth,create,defensive_third,attacking_third,-19.58,35.07,False,False,False,0.01598,0.00239,-0.01359,0.01359,
418,2,51887,51934,36,3,81.05,4.7,Home,Brisbane,chaotic,defensive_third,middle_third,-35.04,-6.47,False,False,False,0.00226,0.00533,0.00307,0.00307,
419,2,51934,51944,36,8,81.133,1.0,Away,Perth,chaotic,middle_third,attacking_third,6.93,20.64,False,False,False,0.00581,0.0033,-0.00251,0.00251,
420,2,52020,52085,36,17,81.283,6.5,Home,Brisbane,build_up,defensive_third,defensive_third,-45.09,-48.21,False,False,False,0.0,0.00173,0.00173,0.00173,
421,2,52085,52114,36,23,81.383,2.9,Home,Brisbane,direct,defensive_third,middle_third,-47.5,-14.28,False,False,False,0.0017,0.00361,0.00191,0.00191,
422,2,52114,52156,36,26,81.433,4.2,Away,Perth,chaotic,middle_third,attacking_third,13.24,29.08,False,False,False,0.00543,0.00253,-0.0029,0.0029,
423,2,52156,52280,36,30,81.5,12.4,Home,Brisbane,build_up,defensive_third,defensive_third,-29.86,-20.01,False,False,False,0.00277,0.00345,0.00068,0.00068,
424,2,52280,52296,36,43,81.717,1.6,Home,Brisbane,create,defensive_third,defensive_third,-19.55,-19.77,False,False,False,0.00285,0.00349,0.00064,0.00064,
425,2,52296,52342,36,44,81.733,4.6,Home,Brisbane,build_up,defensive_third,defensive_third,-20.72,-20.07,False,False,False,0.00339,0.00479,0.0014,0.0014,
426,2,52342,52416,36,49,81.817,7.4,Home,Brisbane,create,defensive_third,defensive_third,-18.96,-19.84,False,False,False,0.00389,0.00349,-0.0004,-0.0004,
427,2,52416,52494,36,56,81.933,7.8,Home,Brisbane,build_up,defensive_third,defensive_third,-21.3,-20.0,False,False,False,0.00339,0.00326,-0.00012,-0.00012,
428,2,52494,52661,37,4,82.067,16.7,Home,Brisbane,create,defensive_third,middle_third,-19.69,9.72,False,False,False,0.00326,0.01083,0.00756,0.00756,
429,2,52661,52810,37,21,82.35,14.9,Home,Brisbane,finish,middle_third,attacking_third,9.72,46.78,True,False,False,0.01339,0.08821,0.07483,0.07483,
430,2,52810,52838,37,36,82.6,2.8,Away,Perth,chaotic,defensive_third,defensive_third,-46.69,-36.03,False,False,False,0.08174,0.01758,-0.06416,0.06416,
431,2,53100,53173,38,5,83.083,7.3,Home,Brisbane,set_play,middle_third,attacking_third,,42.63,True,False,False,0.0,0.27083,0.27083,0.27083,
432,2,53472,53614,38,42,83.7,14.2,Away,Perth,create,middle_third,attacking_third,,20.81,False,False,False,0.0,0.00263,0.00263,-0.00263,
433,2,53914,53932,39,26,84.433,1.8,Away,Perth,chaotic,attacking_third,attacking_third,29.54,29.87,False,False,False,0.0013,0.00227,0.00097,-0.00097,
434,2,53932,53985,39,28,84.467,5.3,Home,Brisbane,build_up,defensive_third,defensive_third,-29.98,-20.39,False,False,False,0.00334,0.00449,0.00115,0.00115,
436,2,53986,54022,39,33,84.55,3.6,Away,Perth,finish,middle_third,middle_third,17.19,5.2,False,False,False,0.00415,0.00639,0.00224,-0.00224,
435,2,53985,53986,39,33,84.55,0.1,Home,Brisbane,create,defensive_third,defensive_third,-18.71,-18.71,False,False,False,0.00385,0.00385,0.0,0.0,
437,2,54022,54112,39,37,84.617,9.0,Away,Perth,create,middle_third,middle_third,4.95,10.79,False,False,False,0.0068,0.00396,-0.00285,0.00285,
438,2,54217,54425,39,56,84.933,20.8,Home,Brisbane,create,defensive_third,middle_third,-19.05,9.81,False,False,False,0.00309,0.00706,0.00396,0.00396,
439,2,54425,54500,40,17,85.283,7.5,Home,Brisbane,finish,middle_third,middle_third,9.79,6.88,False,False,False,0.00706,0.00824,0.00119,0.00119,
440,2,54500,54558,40,25,85.417,5.8,Home,Brisbane,create,middle_third,middle_third,5.71,3.87,False,False,False,0.00747,0.00822,0.00075,0.00075,
441,2,54558,54622,40,30,85.5,6.4,Home,Brisbane,finish,middle_third,attacking_third,5.32,23.61,False,False,False,0.01038,0.03203,0.02165,0.02165,
442,2,55041,55051,41,19,86.317,1.0,Home,Brisbane,set_play,attacking_third,attacking_third,26.01,43.58,True,False,False,0.01836,0.18719,0.16883,0.16883,
443,2,55382,55424,41,53,86.883,4.2,Away,Perth,create,middle_third,middle_third,,7.13,False,False,False,0.0,0.00496,0.00496,-0.00496,
444,2,55424,55478,41,57,86.95,5.4,Home,Brisbane,chaotic,middle_third,middle_third,-7.17,0.14,False,False,False,0.00547,0.0055,3e-05,3e-05,
445,2,55536,55619,42,8,87.133,8.3,Home,Brisbane,create,middle_third,attacking_third,-5.92,19.13,False,False,False,0.00427,0.01274,0.00847,0.00847,
446,2,55619,55998,42,16,87.267,37.9,Home,Brisbane,finish,attacking_third,attacking_third,19.83,44.79,True,False,False,0.01376,0.36942,0.35567,0.35567,
447,2,55998,56100,42,54,87.9,10.2,Away,Perth,build_up,defensive_third,defensive_third,-44.04,-43.37,False,False,False,0.03226,0.05897,0.02671,-0.02671,
448,2,56100,56124,43,5,88.083,2.4,Away,Perth,direct,defensive_third,middle_third,-42.61,-7.52,False,False,False,0.05897,0.01093,-0.04804,0.04804,
449,2,56124,56227,43,7,88.117,10.3,Home,Brisbane,quick_break,middle_third,attacking_third,6.74,50.01,True,False,False,0.01135,0.0,-0.01135,-0.01135,
450,2,56227,56238,43,17,88.283,1.1,Away,Perth,chaotic,defensive_third,defensive_third,-50.21,-52.45,False,False,False,0.0,0.0,0.0,-0.0,
451,2,56460,56557,43,41,88.683,9.7,Home,Brisbane,set_play,attacking_third,attacking_third,52.11,49.8,True,True,False,0.0,0.0625,0.0625,0.0625,chance
452,2,56725,56925,44,7,89.117,20.0,Home,Brisbane,set_play,attacking_third,middle_third,51.5,,False,True,False,0.0,0.0,0.0,0.0,chance
453,2,56925,56964,44,27,89.45,3.9,Away,Perth,create,middle_third,defensive_third,,-36.96,False,False,False,0.0,0.16986,0.16986,-0.16986,
454,2,56964,57006,44,31,89.517,4.2,Away,Perth,direct,defensive_third,attacking_third,-35.4,19.54,False,False,False,0.05118,0.00419,-0.04699,0.04699,
455,2,57006,57023,44,35,89.583,1.7,Home,Brisbane,chaotic,defensive_third,middle_third,-20.35,-9.6,False,False,False,0.0034,0.00513,0.00173,0.00173,
456,2,57023,57037,44,37,89.617,1.4,Away,Perth,create,middle_third,middle_third,9.87,16.6,False,True,False,0.00573,0.00518,-0.00055,0.00055,pinch
457,2,57037,57115,44,38,89.633,7.8,Away,Perth,finish,middle_third,attacking_third,16.96,47.73,True,True,False,0.00518,0.00115,-0.00404,0.00404,pinch
458,2,57115,57179,44,46,89.767,6.4,Home,Brisbane,build_up,defensive_third,defensive_third,-47.65,-20.04,False,False,False,0.00134,0.00419,0.00285,0.00285,
459,2,57179,57245,44,52,89.867,6.6,Home,Brisbane,create,defensive_third,middle_third,-19.63,8.63,False,False,False,0.00419,0.01191,0.00772,0.00772,
460,2,57245,57389,44,59,89.983,14.4,Home,Brisbane,finish,middle_third,attacking_third,8.87,49.0,False,False,False,0.01191,0.00993,-0.00198,-0.00198,
461,2,57438,57641,45,18,90.3,20.3,Home,Brisbane,finish,attacking_third,attacking_third,43.16,42.28,False,False,False,0.01761,0.01966,0.00205,0.00205,
462,2,57784,57805,45,53,90.883,2.1,Away,Perth,chaotic,defensive_third,middle_third,-37.67,-14.8,False,False,False,0.0088,0.00961,0.00081,-0.00081,
463,2,57805,57847,45,55,90.917,4.2,Home,Brisbane,chaotic,middle_third,attacking_third,14.37,24.94,False,False,False,0.00999,0.01646,0.00647,0.00647,
464,2,57847,57902,45,59,90.983,5.5,Away,Perth,chaotic,defensive_third,defensive_third,-25.36,-23.43,False,False,False,0.0151,0.02372,0.00861,-0.00861,
465,2,57902,57948,46,5,91.083,4.6,Home,Brisbane,chaotic,attacking_third,attacking_third,23.69,43.05,True,False,False,0.01508,0.0,-0.01508,-0.01508,
466,2,57948,58169,46,9,91.15,22.1,Away,Perth,build_up,defensive_third,defensive_third,-43.15,-20.89,False,False,False,0.25314,0.0239,-0.22924,0.22924,
467,2,58169,58170,46,31,91.517,0.1,Away,Perth,create,defensive_third,defensive_third,-18.89,-18.89,False,False,False,0.01609,0.01609,0.0,-0.0,
468,2,58170,58229,46,32,91.533,5.9,Away,Perth,direct,middle_third,attacking_third,-16.97,29.77,False,False,False,0.01167,0.00272,-0.00894,0.00894,
469,2,58229,58277,46,37,91.617,4.8,Away,Perth,finish,attacking_third,attacking_third,30.19,27.29,False,False,False,0.00272,0.00284,0.00012,-0.00012,
470,2,58277,58382,46,42,91.7,10.5,Home,Brisbane,create,defensive_third,middle_third,-27.19,-7.52,False,False,False,0.00302,0.00591,0.00288,0.00288,
471,2,58443,58496,46,59,91.983,5.3,Home,Brisbane,create,middle_third,middle_third,-5.53,6.48,False,True,False,0.00632,0.0076,0.00128,0.00128,chance
472,2,58496,58699,47,4,92.067,20.3,Home,Brisbane,finish,middle_third,attacking_third,7.08,52.94,False,True,False,0.00732,0.0,-0.00732,-0.00732,chance
473,2,59067,59077,48,1,93.017,1.0,Away,Perth,direct,middle_third,middle_third,,,False,False,False,0.0,0.0,0.0,-0.0,
474,2,59588,59682,48,53,93.883,9.4,Home,Brisbane,create,middle_third,middle_third,-10.74,4.58,False,False,False,0.0035,0.00893,0.00544,0.00544,
475,2,59682,59725,49,3,94.05,4.3,Home,Brisbane,finish,middle_third,middle_third,5.04,12.02,False,False,False,0.00893,0.01082,0.00189,0.00189,
476,2,59813,59821,49,16,94.267,0.8,Home,Brisbane,chaotic,attacking_third,attacking_third,25.96,32.62,False,False,False,0.01801,0.01495,-0.00306,-0.00306,
477,2,59821,59840,49,17,94.283,1.9,Away,Perth,chaotic,defensive_third,defensive_third,-32.88,-24.29,False,False,False,0.01749,0.02053,0.00305,-0.00305,
478,2,59840,59881,49,19,94.317,4.1,Home,Brisbane,finish,attacking_third,middle_third,23.99,5.56,False,False,False,0.01469,0.00926,-0.00543,-0.00543,
479,2,59881,59927,49,23,94.383,4.6,Home,Brisbane,create,middle_third,middle_third,5.18,4.84,False,False,False,0.00867,0.01063,0.00196,0.00196,
480,2,59927,60218,49,27,94.45,29.1,Home,Brisbane,finish,middle_third,attacking_third,5.11,35.73,False,False,False,0.01063,0.00706,-0.00357,-0.00357,
481,2,60218,60274,49,56,94.933,5.6,Away,Perth,chaotic,defensive_third,middle_third,-35.82,-17.2,False,False,False,0.01675,0.01175,-0.005,0.005,
482,2,60274,60335,50,2,95.033,6.1,Home,Brisbane,finish,middle_third,middle_third,16.74,5.78,False,False,False,0.03232,0.01005,-0.02227,-0.02227,
483,2,60335,60364,50,8,95.133,2.9,Home,Brisbane,create,middle_third,middle_third,5.25,4.97,False,False,False,0.00878,0.00878,0.0,0.0,
484,2,60364,60826,50,11,95.183,46.2,Home,Brisbane,finish,middle_third,attacking_third,5.26,42.6,True,False,False,0.00878,0.01896,0.01018,0.01018,
485,2,60909,61011,51,5,96.083,10.2,Home,Brisbane,finish,attacking_third,attacking_third,18.15,29.7,False,False,False,0.01099,0.01644,0.00545,0.00545,
486,2,61011,61095,51,16,96.267,8.4,Away,Perth,chaotic,defensive_third,middle_third,-30.7,-15.51,False,False,False,0.01184,0.01293,0.00109,-0.00109,
487,2,61095,61114,51,24,96.4,1.9,Home,Brisbane,chaotic,middle_third,attacking_third,15.84,27.44,False,False,False,0.01355,0.02229,0.00873,0.00873,
488,2,61114,61170,51,26,96.433,5.6,Away,Perth,build_up,defensive_third,defensive_third,-27.51,-26.25,False,False,False,0.02139,0.05351,0.03212,-0.03212,
489,2,61170,61203,51,32,96.533,3.3,Away,Perth,direct,defensive_third,middle_third,-25.82,10.53,False,False,False,0.05351,0.0048,-0.0487,0.0487,
490,2,61203,61220,51,35,96.583,1.7,Home,Brisbane,chaotic,middle_third,middle_third,-11.2,5.19,False,False,False,0.00513,0.01038,0.00525,0.00525,
491,2,61220,61233,51,37,96.617,1.3,Away,Perth,chaotic,middle_third,middle_third,-5.7,-3.3,False,False,False,0.00734,0.0077,0.00035,-0.00035,
