Y_Grid,X0_ID1,X1_ID2,X2_ID3,X3_ID4,X4_ID5,X5_ID6,X6_ID7,X7_ID8,X8_ID9,X9_ID10,X10_ID11,X11_ID12,X12_ID13,X13_ID14,X14_ID15,X15_ID16,X16_ID17,X17_ID18,X18_ID19,X19_ID20,X20_ID21,X21_ID22,X22_ID23,X23_ID24,X24_ID25,X25_ID26,X26_ID27,X27_ID28,X28_ID29,X29_ID30,X30_ID31,X31_ID32,X32_ID33,X33_ID34,X34_ID35,X35_ID36,X36_ID37,X37_ID38,X38_ID39,X39_ID40,X40_ID41,X41_ID42,X42_ID43,X43_ID44,X44_ID45,X45_ID46,X46_ID47,X47_ID48,X48_ID49,X49_ID50,X50_ID51,X51_ID52,X52_ID53,X53_ID54,X54_ID55,X55_ID56,X56_ID57,X57_ID58,X58_ID59,X59_ID60,X60_ID61,X61_ID62,X62_ID63,X63_ID64,X64_ID65,X65_ID66,X66_ID67,X67_ID68,X68_ID69,X69_ID70,X70_ID71,X71_ID72,X72_ID73,X73_ID74,X74_ID75,X75_ID76,X76_ID77,X77_ID78,X78_ID79,X79_ID80,X80_ID81,X81_ID82,X82_ID83,X83_ID84,X84_ID85,X85_ID86,X86_ID87,X87_ID88,X88_ID89,X89_ID90,X90_ID91,X91_ID92,X92_ID93,X93_ID94,X94_ID95,X95_ID96,X96_ID97,X97_ID98,X98_ID99,X99_ID100,X100_ID101,X101_ID102,X102_ID103,X103_ID104,X104_ID105
0,0.00000000,0.00000000,0.00057356,0.00252141,0.00078912,0.00000000,0.00205022,0.00157447,0.00184848,0.00151136,0.00155935,0.00149019,0.00163998,0.00155991,0.00159940,0.00142925,0.00189713,0.00222583,0.00152187,0.00294367,0.00111009,0.00170078,0.00180776,0.00191383,0.00183085,0.00198867,0.00225089,0.00257754,0.00236169,0.00281875,0.00110692,0.00240491,0.00356114,0.00306123,0.00255248,0.00240317,0.00265611,0.00325609,0.00188105,0.00412857,0.00449833,0.00462555,0.00351924,0.00359734,0.00404116,0.00544501,0.00368696,0.00242231,0.00642453,0.00487679,0.00469364,0.00468305,0.00348621,0.00529378,0.00599127,0.00559919,0.00726021,0.00778194,0.00667979,0.00623622,0.00629399,0.00617716,0.00864825,0.00821790,0.01082480,0.00810981,0.02208618,0.01378321,0.01157575,0.00980440,0.01057425,0.00918821,0.01058975,0.01066396,0.01356804,0.01597450,0.01169001,0.01461723,0.01760509,0.01895508,0.01296968,0.02174833,0.01696265,0.01526254,0.01443934,0.01482248,0.01521502,0.01273855,0.02001670,0.02071225,0.01547256,0.01666782,0.01706077,0.02010971,0.01965844,0.01761278,0.02699279,0.04278715,0.03987259,0.01760127,0.01094134,0.00993292,0.01125305,0.00000000,0.03455638
1,0.00000000,0.00000000,0.00073159,0.00000000,0.00000000,0.00132219,0.00119794,0.00069942,0.00027883,0.00067862,0.00019410,0.00044676,0.00102862,0.00145828,0.00168110,0.00119913,0.00132365,0.00060648,0.00178895,0.00000000,0.00270547,0.00228582,0.00179033,0.00138083,0.00186114,0.00249825,0.00161262,0.00170104,0.00176618,0.00326862,0.00142279,0.00180478,0.00294858,0.00347353,0.00365045,0.00289854,0.00272939,0.00323839,0.00246537,0.00420701,0.00457636,0.00473491,0.00532557,0.00323730,0.00778830,0.00410827,0.00459966,0.00603145,0.00384042,0.00371740,0.00456629,0.00476275,0.00227064,0.00421847,0.00921775,0.00785128,0.00617870,0.01209258,0.00709002,0.00795183,0.00793079,0.00863412,0.00635302,0.00825592,0.01365053,0.00905952,0.00901947,0.00929224,0.00940157,0.00818152,0.01098718,0.01343492,0.01375815,0.00925488,0.01242909,0.01549280,0.01414282,0.01906540,0.01415108,0.01003179,0.01809619,0.02371304,0.01653175,0.00000000,0.01563316,0.02014770,0.01224207,0.02958166,0.02968695,0.02143418,0.02173030,0.01518849,0.01531921,0.02983582,0.01298729,0.01261903,0.02472142,0.01062304,0.02146028,0.02905257,0.02891004,0.06430838,0.00000000,0.00000000,0.00000000
2,0.00000000,0.00025720,0.00055464,0.00054180,0.00031093,0.00097144,0.00091401,0.00098609,0.00048857,0.00186571,0.00138545,0.00075367,0.00088290,0.00136013,0.00249122,0.00094528,0.00088342,0.00129039,0.00168078,0.00000000,0.00182404,0.00106834,0.00162611,0.00175671,0.00201433,0.00236811,0.00175119,0.00172566,0.00154589,0.00262549,0.00258921,0.00428903,0.00322753,0.00518464,0.00278462,0.00316249,0.00336116,0.00281003,0.00335450,0.00423477,0.00415354,0.00420673,0.00294551,0.00417260,0.00434011,0.00478341,0.00454188,0.00389961,0.00490242,0.00547299,0.00571108,0.00535872,0.00407632,0.00676151,0.00732884,0.00601490,0.00513029,0.00952598,0.00718880,0.00832203,0.00759833,0.00890902,0.00944425,0.00764190,0.00794010,0.00973942,0.00888086,0.01186658,0.00987594,0.01363009,0.01328676,0.01273878,0.01481614,0.01549105,0.01430967,0.01365667,0.01618044,0.01822471,0.01672153,0.02073838,0.01835609,0.01931975,0.02865594,0.01894574,0.01861983,0.02979715,0.01697950,0.01522970,0.01882939,0.01290223,0.06815607,0.00957220,0.02666809,0.01785470,0.02169850,0.01814275,0.01424188,0.01575081,0.04756456,0.02166126,0.01660923,0.01129212,0.01093082,0.00000000,0.00000000
3,0.00000000,0.00000000,0.00000000,0.00128221,0.00025479,0.00081913,0.00177537,0.00110490,0.00092772,0.00076209,0.00144075,0.00170340,0.00059081,0.00131821,0.00176904,0.00224341,0.00142285,0.00171483,0.00168292,0.00146668,0.00148725,0.00173630,0.00130029,0.00313436,0.00190236,0.00220732,0.00205115,0.00190383,0.00184278,0.00220335,0.00311156,0.00244788,0.00256707,0.00291161,0.00334483,0.00272506,0.00279472,0.00446473,0.00326378,0.00317400,0.00499153,0.00447035,0.00607588,0.00439446,0.00357551,0.00364629,0.00461716,0.00478105,0.00444332,0.00475608,0.00444475,0.00482711,0.00548536,0.00589998,0.00684084,0.00568109,0.00656929,0.01802435,0.00782949,0.00880627,0.00827288,0.01126864,0.01126817,0.00839938,0.01178816,0.01023806,0.00999418,0.01085972,0.01233825,0.01409979,0.01262064,0.01504276,0.01372162,0.01165601,0.01861887,0.01314592,0.01783804,0.01631492,0.01800645,0.01676576,0.01623875,0.01798294,0.02794731,0.02326618,0.01927518,0.02478721,0.01963962,0.01692604,0.01587017,0.01825922,0.01760672,0.01478077,0.01225645,0.01985708,0.01368520,0.02190247,0.00853210,0.01762413,0.03477929,0.19311078,0.01967552,0.01282801,0.03015531,0.00000000,0.00000000
4,0.00000000,0.00000000,0.00141246,0.00020367,0.00000000,0.00053095,0.00166858,0.00045289,0.00149669,0.00119895,0.00206851,0.00208434,0.00153132,0.00142587,0.00172127,0.00174012,0.00296938,0.00185658,0.00186991,0.00209865,0.00180820,0.00126152,0.00227087,0.00204245,0.00345058,0.00257899,0.00302801,0.00220902,0.00253192,0.00212766,0.00362061,0.00262887,0.00247032,0.00310375,0.00252092,0.00351104,0.00501912,0.00365201,0.00390086,0.00428675,0.00370247,0.00456194,0.00507718,0.00498361,0.00489753,0.00466653,0.00619172,0.00444620,0.00414676,0.00646603,0.00548763,0.00576149,0.00764258,0.00650005,0.00632178,0.00583931,0.00720428,0.00970099,0.00767818,0.00945757,0.00681327,0.00972406,0.01188470,0.00959688,0.00985713,0.01035429,0.01030708,0.01689326,0.01222550,0.01192983,0.01407538,0.01367688,0.01642183,0.01845301,0.01325641,0.01303523,0.01492045,0.02213017,0.01569932,0.01650186,0.01560571,0.01673083,0.02029410,0.02197341,0.02407653,0.01975761,0.02247432,0.01647641,0.03409389,0.02026430,0.03080940,0.01536327,0.02917814,0.01721985,0.01570160,0.01842224,0.04163635,0.01133061,0.01571966,0.01172807,0.02871783,0.01475488,0.01211890,0.00000000,0.00000000
5,0.00000000,0.00000000,0.00063726,0.00000000,0.00000000,0.00062634,0.00188783,0.00423636,0.00246128,0.00062459,0.00180187,0.00073457,0.00153167,0.00181228,0.00195358,0.00095277,0.00170881,0.00158253,0.00202615,0.00134296,0.00210394,0.00372822,0.00206675,0.00290287,0.00260028,0.00230271,0.00162930,0.00271000,0.00272609,0.00289329,0.00322433,0.00339587,0.00350837,0.00347320,0.00525637,0.00347329,0.00295648,0.00299851,0.00501549,0.00315002,0.00399525,0.00367756,0.00421204,0.00582320,0.00520736,0.00481127,0.00472371,0.00625522,0.00460718,0.00563450,0.00733338,0.00470908,0.01512717,0.00581055,0.00827982,0.00681367,0.00948261,0.00957962,0.00770698,0.00781860,0.00848317,0.00823114,0.00851310,0.00752279,0.01137112,0.01108812,0.01350848,0.01033682,0.01019654,0.01537657,0.01185065,0.01383988,0.01304370,0.01669511,0.01340092,0.01227669,0.01415008,0.01784033,0.01739743,0.01785976,0.04732181,0.02336062,0.02064455,0.02266355,0.03209334,0.02529941,0.02348642,0.01890530,0.02210295,0.01702670,0.02011789,0.02747008,0.03428976,0.02110702,0.01540957,0.02201260,0.05046519,0.01409703,0.01196507,0.02652671,0.02413766,0.02475562,0.04525366,0.02916199,0.00000000
6,0.00065435,0.00127925,0.00150247,0.00073337,0.00024068,0.00000000,0.00066767,0.00087860,0.00128872,0.00154549,0.00025513,0.00121127,0.00232161,0.00167643,0.00149767,0.00205024,0.00227526,0.00228743,0.00145772,0.00312366,0.00182284,0.00287639,0.00230151,0.00174362,0.00347728,0.00157763,0.00220925,0.00426464,0.00296044,0.00229864,0.00267891,0.00302077,0.00348932,0.00284931,0.00305996,0.00293196,0.00380681,0.00355603,0.00409259,0.00366659,0.00536008,0.00395559,0.00299467,0.00508575,0.00541505,0.00460316,0.00646036,0.00710463,0.00547921,0.00528075,0.00660980,0.00797346,0.00783347,0.00675417,0.00574750,0.00773304,0.00841458,0.00641952,0.00824444,0.00858683,0.01031724,0.00858887,0.01094667,0.00921947,0.01049756,0.01140607,0.01518189,0.01112701,0.01155099,0.01373432,0.01407249,0.01453477,0.01264018,0.01331967,0.02178069,0.01680094,0.01741888,0.01906936,0.02020101,0.01616269,0.01543469,0.02011276,0.02385940,0.01500746,0.02587294,0.01465123,0.02326080,0.01789840,0.02719831,0.01862640,0.03253093,0.02007374,0.02253214,0.03288196,0.07621702,0.02431049,0.02201350,0.02686662,0.02009905,0.03523760,0.02534860,0.01115466,0.01038956,0.03212514,0.00000000
7,0.00000000,0.00000000,0.00033073,0.00093082,0.00158504,0.00411768,0.00063432,0.00131550,0.00183366,0.00169736,0.00156640,0.00152154,0.00124276,0.00216745,0.00181717,0.00140227,0.00244175,0.00158320,0.00110663,0.00242286,0.00204103,0.00208481,0.00212628,0.00252141,0.00208771,0.00251757,0.00238377,0.00176918,0.00368350,0.00268891,0.00359529,0.00338795,0.00278385,0.00385205,0.00345486,0.00368260,0.00371266,0.00348723,0.00412221,0.00400302,0.00493344,0.00654017,0.01129643,0.00490452,0.00560756,0.00526518,0.00645194,0.00689567,0.00621396,0.00541680,0.00598762,0.00595026,0.01032196,0.00821940,0.00745640,0.00700200,0.01055521,0.00771543,0.00813701,0.00695409,0.01335910,0.00844064,0.00785283,0.01489559,0.00967169,0.01228576,0.01242542,0.01139863,0.01260506,0.01338482,0.01404680,0.03138458,0.01447543,0.01495501,0.01160041,0.01442967,0.01464279,0.01646271,0.01940999,0.01907754,0.01474119,0.01688117,0.01787423,0.01338889,0.01155640,0.01494894,0.01881911,0.02529880,0.02836168,0.05704279,0.02849736,0.03483968,0.02049726,0.01667901,0.02564473,0.05920747,0.02003916,0.03260707,0.01033792,0.01455019,0.02040200,0.02523310,0.02995844,0.02953928,0.00000000
8,0.00000000,0.00226715,0.00026084,0.00000000,0.00061834,0.00000000,0.00158202,0.00138616,0.00293279,0.00148535,0.00159623,0.00088913,0.00087256,0.00155867,0.00145655,0.00155187,0.00085962,0.00235501,0.00261364,0.00275784,0.00235799,0.00318863,0.00196584,0.00251800,0.00279630,0.00234201,0.00264791,0.00243011,0.00232730,0.00259913,0.00249253,0.00256444,0.00284897,0.00361508,0.00447199,0.00374980,0.00364616,0.00359667,0.00451640,0.00485759,0.00484063,0.00548222,0.00444109,0.00567187,0.00558147,0.00583153,0.00705359,0.00649016,0.00555893,0.00671033,0.00912405,0.00637996,0.00731637,0.00753329,0.00595535,0.00748012,0.01081138,0.00983764,0.00718549,0.00958740,0.00894012,0.00798532,0.00869943,0.00907739,0.00976547,0.01002975,0.01163327,0.01602352,0.01148797,0.01446629,0.01324660,0.01656480,0.01417553,0.01884226,0.01553138,0.02250871,0.01815418,0.01706605,0.01377996,0.03180309,0.02220793,0.02125013,0.01896335,0.01677888,0.02398848,0.01558488,0.01490640,0.03231484,0.02208826,0.01467028,0.01953992,0.06731129,0.11132325,0.03146228,0.01163900,0.02173019,0.00353784,0.02084217,0.00672152,0.07073188,0.00814495,0.00000000,0.08566312,0.00343534,0.00000000
9,0.00000000,0.00000000,0.00009029,0.00053668,0.00148874,0.00087505,0.00000000,0.00125134,0.00059775,0.00102009,0.00223262,0.00099189,0.00135808,0.00150454,0.00143621,0.00203829,0.00238629,0.00159421,0.00140188,0.00203142,0.00338817,0.00189315,0.00322823,0.00225674,0.00309030,0.00277645,0.00168860,0.00300600,0.00312786,0.00448707,0.00291313,0.00550071,0.00345008,0.00324515,0.00297906,0.00422308,0.00345904,0.00444278,0.00504128,0.00483708,0.00414381,0.00426324,0.00671740,0.00571359,0.00727239,0.00501170,0.00647699,0.00521454,0.00627189,0.00680067,0.00606552,0.00732045,0.00578748,0.00859635,0.00758845,0.00830245,0.00767156,0.01060488,0.00788333,0.00822989,0.00779165,0.00874977,0.01190485,0.00924962,0.01107239,0.01238728,0.01182658,0.01334662,0.01183920,0.01306468,0.01372605,0.01084226,0.01643700,0.03151136,0.01402996,0.02234173,0.01469234,0.02420643,0.01971921,0.03545587,0.01916651,0.01624200,0.02492409,0.02056352,0.01791606,0.01741918,0.02456721,0.03571225,0.01799457,0.02795701,0.02911669,0.02465693,0.03314072,0.07760183,0.07378262,0.02317363,0.00700981,0.00000000,0.00941990,0.01068754,0.01207593,0.00573486,0.00000000,0.02631678,0.01796437
10,0.00044319,0.00051617,0.00000000,0.00082652,0.00081472,0.00227728,0.00064842,0.00209706,0.00146041,0.00107589,0.00150783,0.00150093,0.00148937,0.00215085,0.00157856,0.00160627,0.00161743,0.00231787,0.00178733,0.00247646,0.00210640,0.00238928,0.00223274,0.00213890,0.00285783,0.00269194,0.00291274,0.00201953,0.00300051,0.00252176,0.00380916,0.00274647,0.00256425,0.00317584,0.00453881,0.00401170,0.00658263,0.00417276,0.00462362,0.00475643,0.00481651,0.00635095,0.00514534,0.00582168,0.00597137,0.00817683,0.00705601,0.00540592,0.00605701,0.00643592,0.00600401,0.00485622,0.00853922,0.00861451,0.00758368,0.00917089,0.00742972,0.00893230,0.01016416,0.00895266,0.01046481,0.01006372,0.01139358,0.01016345,0.01143994,0.01148935,0.01164204,0.01480970,0.01350288,0.01237191,0.01993739,0.01552058,0.01964848,0.01718501,0.01323217,0.03576716,0.01507980,0.01683912,0.01688650,0.03833971,0.02022521,0.03900956,0.03042041,0.01761353,0.01641537,0.01132805,0.02960278,0.01975748,0.01824167,0.02241161,0.09410859,0.04993871,0.01038658,0.02293731,0.01914149,0.00472450,0.01661072,0.09188505,0.03403706,0.00969643,0.02649355,0.00499481,0.03133424,0.00000000,0.00000000
11,0.00000000,0.00000000,0.00115075,0.00061137,0.00039036,0.00153899,0.00103435,0.00097417,0.00094126,0.00142381,0.00062149,0.00159064,0.00147839,0.00326926,0.00188591,0.00137204,0.00185948,0.00334306,0.00248591,0.00250179,0.00318409,0.00156277,0.00240711,0.00242951,0.00227717,0.00301319,0.00235847,0.00365335,0.00401725,0.00313040,0.00355307,0.00346430,0.00369945,0.00388913,0.00408655,0.00383679,0.00380662,0.00293426,0.00507781,0.00439940,0.00463977,0.00435566,0.00417654,0.00474763,0.00587126,0.00610195,0.00615608,0.00681184,0.00620579,0.00563286,0.00608617,0.00809866,0.00640499,0.00929302,0.00933111,0.00796687,0.00787759,0.00881682,0.01099182,0.00980343,0.00983060,0.00656965,0.00824926,0.01191497,0.01102545,0.01229914,0.01094699,0.01130521,0.00896441,0.01210271,0.01453514,0.01280736,0.01370806,0.01724875,0.02496295,0.01131035,0.01538356,0.03244713,0.01781377,0.01514964,0.02620328,0.01721865,0.01643571,0.02296461,0.02232044,0.05521911,0.02076786,0.03476123,0.01648797,0.02716680,0.02721418,0.02377847,0.03320299,0.02642208,0.03315384,0.00939462,0.00726277,0.02111981,0.06499562,0.00580235,0.00409026,0.00696737,0.00344177,0.12500000,0.01811199
12,0.00000000,0.00000000,0.00000000,0.00071060,0.00062054,0.00000000,0.00714208,0.00000000,0.00165994,0.00155263,0.00229321,0.00156531,0.00330702,0.00204792,0.00216500,0.00171202,0.00108010,0.00191631,0.00182054,0.00214478,0.00246985,0.00229029,0.00293511,0.00284807,0.00232280,0.00245725,0.00297473,0.00575698,0.00834182,0.00332913,0.00351840,0.00330038,0.00375843,0.00336140,0.00351422,0.00403049,0.00382777,0.00554239,0.00512745,0.00449045,0.00521463,0.00498004,0.00539586,0.01071300,0.00680728,0.00496260,0.00645711,0.00589127,0.00533351,0.00745566,0.00824952,0.00721267,0.00621730,0.00829091,0.00764706,0.00785516,0.00923760,0.00869378,0.00804010,0.00980065,0.00946035,0.01093434,0.01246027,0.01124102,0.01020874,0.01287294,0.01217689,0.01131533,0.01598936,0.01526627,0.01465074,0.01061162,0.01102720,0.01531490,0.01337236,0.01886782,0.01558991,0.01611894,0.01713959,0.01342242,0.01961839,0.01505726,0.01917312,0.01976589,0.02653885,0.01241071,0.07315924,0.07305017,0.02398612,0.01017489,0.03187926,0.04957862,0.05534372,0.01770387,0.02176999,0.05459025,0.06185298,0.00758488,0.03593305,0.02057450,0.01163803,0.02102613,0.14668919,0.16988042,0.00000000
13,0.00000000,0.00082524,0.00243184,0.00122329,0.00000000,0.00083534,0.00141455,0.00325880,0.00223757,0.00240834,0.00094929,0.00132046,0.00207275,0.00168445,0.00205255,0.00134326,0.00221708,0.00177068,0.00187594,0.00204731,0.00243942,0.00202377,0.00167271,0.00252519,0.00252383,0.00341773,0.00255874,0.00275693,0.00312499,0.00334109,0.00372780,0.00380152,0.00478936,0.00405193,0.00464519,0.00533607,0.00484193,0.00440777,0.00472922,0.00464478,0.00437407,0.00454537,0.00510381,0.00615330,0.00622702,0.00617485,0.00610419,0.00696197,0.00699966,0.00678985,0.00606326,0.00665601,0.00896964,0.00898409,0.00807965,0.00839507,0.00691509,0.00761540,0.00985419,0.01086519,0.01006125,0.00891679,0.00993575,0.01594426,0.01069720,0.01258526,0.01479963,0.01295824,0.01434920,0.01276270,0.01556470,0.01430639,0.01370203,0.02014674,0.01559941,0.02071769,0.01433392,0.03006081,0.02109164,0.02205408,0.01949652,0.04399804,0.01851624,0.01827063,0.02821419,0.03545955,0.02010802,0.04075951,0.03494460,0.02104175,0.02061526,0.03489484,0.03672725,0.01302266,0.01284743,0.01729657,0.02612478,0.04349450,0.02073177,0.00757126,0.00450198,0.00628510,0.00000000,0.00000000,0.00000000
14,0.00000000,0.00000000,0.00000000,0.00028683,0.00074308,0.00000000,0.00240473,0.00119517,0.00235903,0.00189705,0.00088292,0.00057904,0.00191993,0.00204239,0.00174397,0.00173857,0.00224959,0.00216541,0.00188448,0.00220323,0.00244205,0.00290571,0.00252528,0.00250592,0.00355505,0.00243142,0.00296865,0.00279149,0.00347937,0.00317247,0.00312986,0.00768703,0.00352220,0.00490126,0.00423641,0.00524444,0.00403860,0.00446520,0.00436044,0.00525065,0.00576988,0.00536895,0.00612147,0.00661461,0.00590718,0.00643691,0.00545848,0.00636686,0.00977515,0.00648159,0.00700374,0.00821109,0.01235448,0.01636691,0.00925466,0.00919704,0.00726828,0.00952138,0.01054709,0.00941134,0.00858057,0.01000833,0.00788829,0.01225546,0.01063457,0.01272767,0.01224211,0.01227459,0.01227631,0.01050932,0.01357398,0.01544498,0.01597734,0.01776808,0.01660350,0.02177554,0.01978098,0.04972769,0.02761070,0.01329498,0.01527720,0.01871508,0.01865276,0.01787696,0.03024391,0.01748631,0.02379401,0.01795432,0.03482360,0.01494055,0.01473569,0.01307826,0.01945263,0.01471312,0.02401342,0.07852414,0.04129820,0.10732066,0.00000000,0.00598391,0.01528896,0.00470530,0.00000000,0.00871544,0.00000000
15,0.00000000,0.00000000,0.00134659,0.00154880,0.00155694,0.00214141,0.00000000,0.00134325,0.00160500,0.00271005,0.00227014,0.00106691,0.00199305,0.00225448,0.00303740,0.00296039,0.00303189,0.00236008,0.00207988,0.00202016,0.00162094,0.00280936,0.00370305,0.00265235,0.00314881,0.00373702,0.00236474,0.00342910,0.00373121,0.00364644,0.00535965,0.00348713,0.00414054,0.00444730,0.00354092,0.00439184,0.00424745,0.00398483,0.00432587,0.00504098,0.00523345,0.00645968,0.00553590,0.00527063,0.00532340,0.00850152,0.00729880,0.00613161,0.00592804,0.00676213,0.00678948,0.01018769,0.00762835,0.00693287,0.00840129,0.00885954,0.00818840,0.00867058,0.00926419,0.01044822,0.00964229,0.01049831,0.01147582,0.01053540,0.01184589,0.01173406,0.01328644,0.01045909,0.01392979,0.01824236,0.01426723,0.01129960,0.01797888,0.01715945,0.01523011,0.01305145,0.01615568,0.01761319,0.02104665,0.02613297,0.01619217,0.02609232,0.01517876,0.01753996,0.02836743,0.01588663,0.02156055,0.01296251,0.02720606,0.06947405,0.01358841,0.00642311,0.03970935,0.01254884,0.03560108,0.02472161,0.04138784,0.14196933,0.00000000,0.00589334,0.00000000,0.00729671,0.01658344,0.01085781,0.00000000
16,0.00000000,0.00000000,0.00182676,0.00035345,0.00115336,0.00137067,0.00100072,0.00203098,0.00164633,0.00170860,0.00227192,0.00231072,0.00170098,0.00109244,0.00243088,0.00000000,0.00229985,0.00331555,0.00154664,0.00209612,0.00325371,0.00353957,0.00329944,0.00272818,0.00326517,0.00277246,0.00372040,0.00355038,0.00359815,0.00486418,0.00325311,0.00393780,0.00402302,0.00344586,0.00393820,0.00505128,0.00666536,0.00446263,0.00361283,0.00533116,0.00530064,0.00628349,0.00600242,0.00572239,0.00690035,0.00702399,0.00549922,0.01293080,0.00651518,0.00784390,0.00665307,0.01051939,0.00540480,0.00785364,0.00841531,0.00806016,0.01093329,0.00878178,0.01005277,0.01009973,0.01028979,0.00999229,0.01064539,0.01301840,0.01142477,0.01200017,0.01276202,0.01095497,0.01271448,0.01178297,0.01548433,0.01552862,0.01089326,0.01758436,0.01604733,0.01444045,0.01696696,0.01670051,0.02006470,0.05089177,0.01496243,0.02845595,0.01984720,0.01669468,0.03140034,0.02348710,0.02328735,0.02638566,0.00903777,0.00000000,0.00590195,0.01995983,0.01791711,0.04347571,0.01576094,0.02888877,0.01434645,0.01459327,0.01560352,0.00871495,0.00752161,0.03672798,0.00594978,0.00281150,0.00000000
17,0.00179266,0.00124490,0.00147003,0.00147249,0.00111875,0.00025835,0.00000000,0.00158721,0.00075139,0.00210854,0.00128466,0.00184404,0.00196287,0.00252333,0.00212999,0.00212128,0.00298109,0.00253304,0.00227991,0.00256855,0.00220181,0.00278512,0.00398147,0.00307325,0.00274360,0.00329399,0.00257955,0.00323897,0.00302329,0.00323123,0.00359850,0.00338989,0.00378069,0.00405537,0.00439901,0.00419881,0.00435771,0.00480578,0.00474666,0.00506480,0.00509657,0.00618980,0.00603397,0.00625577,0.00544392,0.00671155,0.00587744,0.00771500,0.00699892,0.00786633,0.00590953,0.01001601,0.00924455,0.00699254,0.00870048,0.00886987,0.00850446,0.01038252,0.00845913,0.01280982,0.01099684,0.01403569,0.01051264,0.01041960,0.02202559,0.01155227,0.01397551,0.01339674,0.01363671,0.01498670,0.01458822,0.01587151,0.01780516,0.01779713,0.02160668,0.02745972,0.01975195,0.01558562,0.02318995,0.02410292,0.03427003,0.03789524,0.01867586,0.01877232,0.04157333,0.01737879,0.01877239,0.02053568,0.01145082,0.01958501,0.01928570,0.03075916,0.01308547,0.03194847,0.06347715,0.02509044,0.04523959,0.01641926,0.01958276,0.02976096,0.04971056,0.01228478,0.01323293,0.17860791,0.00000000
18,0.00000000,0.00105255,0.00204474,0.00288025,0.00177791,0.00105979,0.00141016,0.00131828,0.00130424,0.00145232,0.00188490,0.00194026,0.00175562,0.00165692,0.00194876,0.00196846,0.00253793,0.00181895,0.00289150,0.00246671,0.00224303,0.00281330,0.00261046,0.00277338,0.00336812,0.00300636,0.00366682,0.00367238,0.00345810,0.00330992,0.00398727,0.00466616,0.00420130,0.00475204,0.00371071,0.00414732,0.00415690,0.00497278,0.00414570,0.01099422,0.00763232,0.00543865,0.00646887,0.00513168,0.00518409,0.00667662,0.00671419,0.00670540,0.00739672,0.00855028,0.00807069,0.00623056,0.00671983,0.00846897,0.00818660,0.00713268,0.00822154,0.00955962,0.01404840,0.01049745,0.01166480,0.01076719,0.01434920,0.01046829,0.01000491,0.01577990,0.01281649,0.01220024,0.01899209,0.01367217,0.01443739,0.01917958,0.01369026,0.01387084,0.01699532,0.01861868,0.01328410,0.01372960,0.02494159,0.01890270,0.03331053,0.02057527,0.04085669,0.02512133,0.05965034,0.02747058,0.02262226,0.02316273,0.02419804,0.00885411,0.08428432,0.13587854,0.03819694,0.13519683,0.03774521,0.02942869,0.05780530,0.01546574,0.04135846,0.01566772,0.01533807,0.01130791,0.00348970,0.00382305,0.00000000
19,0.00000000,0.00213833,0.00110532,0.00107879,0.00135720,0.00115224,0.00215939,0.00145913,0.00244750,0.00189347,0.00173550,0.00224657,0.00202388,0.00234918,0.00142192,0.00178103,0.00249233,0.00271573,0.00270715,0.00377294,0.00235668,0.00259689,0.00276070,0.00279681,0.00345003,0.00292177,0.00304247,0.00392560,0.00345025,0.00375019,0.00329569,0.00383747,0.00413372,0.00426926,0.00430026,0.00422512,0.00385741,0.00578038,0.00435057,0.00565545,0.00532807,0.00505157,0.00586534,0.00834270,0.00628542,0.00732489,0.00730722,0.00621827,0.00672385,0.00752543,0.00745340,0.00764885,0.00753119,0.00798044,0.00878938,0.00834879,0.00807097,0.00834268,0.00981165,0.01134621,0.01010970,0.00926594,0.00931494,0.01215408,0.01205860,0.01156588,0.02054609,0.01476379,0.01473278,0.01113247,0.01721830,0.01222290,0.02010966,0.01975721,0.02067305,0.01867000,0.01296458,0.01306528,0.01174939,0.01812727,0.02407259,0.02399190,0.01255908,0.01338468,0.01489299,0.01740016,0.02521340,0.02109647,0.01622712,0.01800303,0.03413061,0.02163538,0.02037120,0.11741050,0.00706283,0.02193831,0.02101719,0.02389956,0.01666667,0.03139606,0.00332412,0.01062108,0.00887508,0.01035118,0.00000000
20,0.00000000,0.00148351,0.00117501,0.00093262,0.00136566,0.00124058,0.00078145,0.00144605,0.00215867,0.00223880,0.00194120,0.00200834,0.00170904,0.00258703,0.00135344,0.00221321,0.00175219,0.00238804,0.00231993,0.00209840,0.00250514,0.00220394,0.00308933,0.00297966,0.00313768,0.00319064,0.00359146,0.00335122,0.00350521,0.00372081,0.00527697,0.00377864,0.00418879,0.00476804,0.00390498,0.00433472,0.00513777,0.00445604,0.00497027,0.00634702,0.00589997,0.00614840,0.00621638,0.00676995,0.00567750,0.00581139,0.00632043,0.00534721,0.00956324,0.00698239,0.00654548,0.00918065,0.00745294,0.00873116,0.00789784,0.00858594,0.00844996,0.01350375,0.01018173,0.00931451,0.00829246,0.00979630,0.01341522,0.01241108,0.01002752,0.01320379,0.01155334,0.01261293,0.01355245,0.01363891,0.01397175,0.01740272,0.01900657,0.01412574,0.05077197,0.01537970,0.01721596,0.02644641,0.02247052,0.03736397,0.01561568,0.01324174,0.01761436,0.02665853,0.02996589,0.01711406,0.01956860,0.02716638,0.03751737,0.01622489,0.04285059,0.02224389,0.06683750,0.00782825,0.02989064,0.00603810,0.03314888,0.07750178,0.06137326,0.08821430,0.08333333,0.05000316,0.03363173,0.00898638,0.00000000
21,0.00000000,0.00000000,0.00178734,0.00167548,0.00174574,0.00162493,0.00189553,0.00296348,0.00173150,0.00233260,0.00331389,0.00236820,0.00217081,0.00206438,0.00211776,0.00285459,0.00287894,0.00231980,0.00258220,0.00256769,0.00217770,0.00220922,0.00239711,0.00307657,0.00293633,0.00348837,0.00373183,0.00375113,0.00344424,0.00397968,0.00353449,0.00477789,0.00417470,0.00402152,0.00443675,0.00485013,0.00453593,0.00442147,0.00431160,0.00515477,0.00574226,0.00500032,0.00621943,0.00650539,0.00940791,0.00731651,0.00722184,0.00771238,0.00676790,0.00781132,0.00688417,0.00687266,0.00849455,0.00926825,0.00913249,0.01000482,0.00827052,0.01418097,0.01161428,0.00894850,0.01059317,0.00892190,0.01233556,0.01145729,0.00998380,0.01327475,0.01141707,0.01307437,0.01360712,0.01245026,0.01281225,0.01719590,0.01549186,0.02543447,0.01536967,0.01939773,0.01787308,0.02212188,0.01305948,0.02228658,0.01694675,0.01401970,0.02495926,0.02332099,0.08141367,0.01478363,0.02843280,0.03915165,0.02197460,0.29216393,0.00861095,0.03563729,0.14147015,0.01257129,0.04652252,0.05011380,0.02197706,0.00840552,0.04600464,0.25000000,0.16666667,0.01107923,0.00754869,0.00000000,0.00000000
22,0.00000000,0.00199377,0.00097953,0.00177617,0.00186629,0.00175672,0.00299419,0.00172265,0.00219840,0.00173879,0.00223614,0.00214321,0.00166145,0.00272079,0.00197411,0.00217358,0.00275088,0.00194749,0.00240693,0.00305200,0.00261877,0.00270547,0.00290994,0.00333487,0.00297293,0.00385563,0.00296238,0.00394276,0.00350829,0.00430235,0.00385478,0.00397504,0.00428184,0.00422831,0.00456562,0.00527997,0.00360149,0.00526658,0.00438868,0.00528063,0.00504477,0.00513407,0.00678197,0.00672511,0.00607352,0.00778471,0.00583910,0.00584295,0.00721483,0.00753187,0.00721633,0.00714754,0.00709848,0.00922148,0.00747265,0.00912619,0.00825276,0.01052763,0.00944725,0.00946224,0.01018803,0.01191192,0.00916037,0.01321024,0.01563782,0.01108293,0.01328404,0.01195125,0.01422743,0.01309675,0.02264110,0.00945584,0.02146381,0.01685392,0.01358477,0.03928735,0.01115638,0.01519354,0.01159191,0.02550429,0.02194675,0.04989555,0.01751039,0.01492050,0.03031316,0.02113432,0.00895044,0.03402064,0.00000000,0.00706061,0.04150989,0.02788150,0.00762887,0.01143058,0.05206682,0.01896199,0.04253584,0.00000000,0.03514302,0.00000000,0.00124706,0.00000000,0.01704811,0.02173707,0.00000000
23,0.00000000,0.00094897,0.00203669,0.00274048,0.00129651,0.00235818,0.00178254,0.00141382,0.00143424,0.00143523,0.00232326,0.00170108,0.00191972,0.00318488,0.00250259,0.00221280,0.00278054,0.00266980,0.00230432,0.00264231,0.00594213,0.00296756,0.00312161,0.00339629,0.00326721,0.00278541,0.00437165,0.00332151,0.00899679,0.00368341,0.00410279,0.00464869,0.00443442,0.00455310,0.00473466,0.00714503,0.00414463,0.00423897,0.00545600,0.00526946,0.00633665,0.00527577,0.00657444,0.00667258,0.00646661,0.00685634,0.00570457,0.00672757,0.00703195,0.00713702,0.00700506,0.00901556,0.01184925,0.00599280,0.00794162,0.00822784,0.01008528,0.00809634,0.00884386,0.00994103,0.00982680,0.01921778,0.01100611,0.01296717,0.01308629,0.01208664,0.01357895,0.01344570,0.01871557,0.02008988,0.01930697,0.01650692,0.01763045,0.01447900,0.01651932,0.01902386,0.01753933,0.01748064,0.02348959,0.01093422,0.03244002,0.04026750,0.01560810,0.03249398,0.01272071,0.01428033,0.02181234,0.02150197,0.00882577,0.00000000,0.18850286,0.01305764,0.01117601,0.04474905,0.01761018,0.06233740,0.12708068,0.23106646,0.01954764,0.00000000,0.00000000,0.00000000,0.00000000,0.00336514,0.00000000
24,0.00000000,0.00000000,0.00149607,0.00164711,0.00173617,0.00175029,0.00196195,0.00181525,0.00156364,0.00181129,0.00168448,0.00128384,0.00296416,0.00280751,0.00279197,0.00199996,0.00199615,0.00200866,0.00243023,0.00261899,0.00262578,0.00254936,0.00345960,0.00281765,0.00382054,0.00351062,0.00325420,0.00329132,0.00358106,0.00339778,0.00381755,0.00396005,0.00404011,0.00439144,0.00404742,0.00501512,0.00466496,0.00530384,0.00477466,0.00588706,0.00505388,0.00563113,0.00573106,0.00581370,0.00603743,0.00659681,0.00689437,0.00704035,0.00777994,0.00748239,0.00786316,0.00910860,0.01033713,0.00795076,0.00917139,0.00962020,0.00926488,0.00857855,0.01174688,0.00941207,0.01191186,0.01142886,0.00646166,0.01264920,0.01298046,0.01591613,0.01651136,0.01191712,0.01711303,0.01482110,0.01697470,0.01849640,0.01846021,0.00909298,0.01769148,0.01688276,0.01921438,0.01382349,0.01602928,0.02872772,0.03749945,0.03092979,0.04098336,0.02187880,0.10778105,0.03147192,0.03471306,0.08209710,0.02703216,0.01086685,0.02740970,0.26247788,0.02030745,0.10873716,0.00933099,0.01531183,0.02324378,0.18859029,0.03771626,0.25000000,0.00000000,0.06250000,0.00277778,0.00000000,0.00000000
25,0.00000000,0.00144035,0.00046352,0.00110619,0.00107311,0.00127170,0.00140770,0.00149720,0.00204263,0.00201410,0.00213072,0.00224455,0.00237661,0.00258176,0.00276790,0.00291995,0.00217724,0.00231395,0.00259992,0.00325512,0.00288906,0.00262356,0.00295865,0.00253070,0.00322916,0.00348244,0.00392119,0.00373617,0.00369737,0.00371769,0.00444922,0.00316924,0.00388268,0.00426888,0.00342189,0.00477615,0.00508569,0.00501673,0.00503466,0.00543401,0.00505900,0.00587081,0.00563698,0.00598830,0.00657904,0.00675602,0.00753774,0.00703573,0.00746551,0.00675296,0.00720768,0.00711119,0.00634473,0.00917030,0.00700419,0.00860407,0.00969267,0.00897341,0.00938165,0.00947138,0.00976713,0.01219034,0.01300813,0.01574136,0.01303802,0.01592325,0.01400955,0.01375907,0.02103747,0.01798394,0.01194580,0.01511243,0.01644569,0.01825812,0.01827981,0.02399499,0.02023828,0.03315860,0.01315065,0.01817708,0.01370718,0.03272423,0.01835539,0.01233199,0.01891881,0.07285994,0.01153451,0.05117570,0.09449096,0.16986208,0.15886710,0.20250836,0.06691293,0.02227321,0.20000000,0.03733416,0.14741506,0.00000000,0.00000000,0.02094951,0.00000000,0.00000000,0.00000000,0.00000000,0.00000000
26,0.00000000,0.00000000,0.00109291,0.00042928,0.00145822,0.00470797,0.00137823,0.00203503,0.00309209,0.00243813,0.00191048,0.00232362,0.00306618,0.00225401,0.00268842,0.00227994,0.00063962,0.00325861,0.00224495,0.00286507,0.00353610,0.00340231,0.00240915,0.00322604,0.00467122,0.00305036,0.00303975,0.00329085,0.00374643,0.00363200,0.00426827,0.00378985,0.00426004,0.00475196,0.00478938,0.00442774,0.00419078,0.00521026,0.00504517,0.00506418,0.00572096,0.00469532,0.00547684,0.00635462,0.00655680,0.00627886,0.00659896,0.00633416,0.00651773,0.00750724,0.00832360,0.01020321,0.00941541,0.00884286,0.00845817,0.00833599,0.00953520,0.01054225,0.01257501,0.00861087,0.00967795,0.01097083,0.01148362,0.01199781,0.01281072,0.01133591,0.01169329,0.01304371,0.01279944,0.03232132,0.01294684,0.02133441,0.01721113,0.01570093,0.01224066,0.01736702,0.07812802,0.02808891,0.02009798,0.06865770,0.03063417,0.03541410,0.01060522,0.01909051,0.02500391,0.01170695,0.02735674,0.03457386,0.16990416,0.03096043,0.00000000,0.04244070,0.20306108,0.08911455,0.04746479,0.13781300,0.66666667,0.00000000,0.01257129,0.33333333,0.00412495,0.25000000,0.00000000,0.00000000,0.00000000
27,0.00000000,0.00147658,0.00137957,0.00157057,0.00133936,0.00141665,0.00165288,0.00194829,0.00149147,0.00252875,0.00174685,0.00176422,0.00244414,0.00196540,0.00258180,0.00382736,0.00220897,0.00259897,0.00261693,0.00280075,0.00282125,0.00277950,0.00247557,0.00364756,0.00302076,0.00373506,0.00324354,0.00260437,0.00342039,0.00349045,0.00422282,0.00526006,0.00474491,0.00396484,0.00402694,0.00440621,0.00464858,0.00464884,0.00450817,0.00500645,0.00525731,0.00635686,0.00573340,0.00562747,0.00661699,0.00826235,0.00712065,0.00819933,0.00791272,0.00813624,0.00875431,0.00760410,0.00791575,0.00934779,0.00861038,0.00870951,0.00930613,0.00820586,0.01045904,0.00873318,0.01092723,0.00915323,0.01078015,0.01097465,0.01233713,0.01305973,0.01239317,0.01955043,0.01299870,0.01166588,0.02330774,0.01608519,0.02023944,0.02390094,0.02256136,0.02656841,0.02152204,0.02500470,0.01835913,0.02666436,0.02089825,0.01880615,0.06725061,0.00453965,0.03568987,0.01028452,0.00620247,0.03097209,0.00000000,0.00000000,0.00273546,0.00395480,0.35022783,0.05738278,0.04276348,0.00000000,0.50850700,0.50806283,0.00000000,0.00000000,0.00000000,0.25000000,0.06250000,0.00482338,1.00000000
28,0.00000000,0.00145163,0.00144152,0.00136806,0.00169299,0.00130356,0.00150600,0.00197016,0.00281693,0.00194520,0.00171266,0.00235058,0.00221855,0.00197685,0.00175375,0.00180754,0.00387804,0.00203788,0.00397037,0.00209939,0.00294812,0.00309291,0.00300542,0.00280176,0.00574353,0.00482523,0.00344064,0.00317402,0.00367026,0.00611757,0.00378397,0.00357959,0.00404850,0.00442380,0.00446717,0.00495351,0.00411567,0.00526447,0.00500214,0.00561373,0.00681326,0.00447354,0.00544648,0.00462725,0.00604992,0.00614669,0.00717812,0.00894682,0.00741714,0.00749982,0.00755034,0.00971853,0.00723695,0.00804429,0.00804212,0.00792901,0.00957606,0.00973950,0.01155389,0.01456016,0.01406299,0.01208191,0.01149857,0.00957628,0.00883704,0.01420661,0.01227898,0.01410535,0.01338812,0.01532437,0.01366080,0.01630471,0.01203480,0.00971486,0.01362755,0.02253851,0.02882041,0.01807612,0.01757300,0.01058874,0.04577048,0.00837104,0.02841601,0.00833492,0.02662356,0.01108612,0.04464419,0.04064677,0.00664022,0.04206872,0.02373095,0.00000000,0.33589096,0.25000000,0.00000000,0.12951325,0.00000000,0.50000000,0.05555556,0.44444444,0.50000000,0.00833333,0.00000000,0.00000000,0.00000000
29,0.00000000,0.00171717,0.00171522,0.00125931,0.00110176,0.00123071,0.00170371,0.00155874,0.00205980,0.00225737,0.00224313,0.00216930,0.00224502,0.00256731,0.00357161,0.00766189,0.00266578,0.00185422,0.00222793,0.00172570,0.00330494,0.00280695,0.00370037,0.00451128,0.00382150,0.00327587,0.00340998,0.00361402,0.00373680,0.00486806,0.00430607,0.00444533,0.00547149,0.00444589,0.00607939,0.00319560,0.00507173,0.00534561,0.00469873,0.00510066,0.00461754,0.00580518,0.00676130,0.00570553,0.00739018,0.00816513,0.00656933,0.00624017,0.00729381,0.00689735,0.00722429,0.00840026,0.00801763,0.01022507,0.01126987,0.00970525,0.00996586,0.01044825,0.01061883,0.00992388,0.00873945,0.01017478,0.00794202,0.01292695,0.01507871,0.01341312,0.01439529,0.01226539,0.01444885,0.01976578,0.01720487,0.01321637,0.02704254,0.01070943,0.01852002,0.02268295,0.02225253,0.03545770,0.02836911,0.05071727,0.01847328,0.02347659,0.04418804,0.08513126,0.05920962,0.03457162,0.03361677,0.01773859,0.00939999,0.00000000,0.01074907,0.12550682,0.06372917,0.03332870,0.16402116,0.16130865,0.02520963,0.00000000,0.00000000,0.16805556,0.21428571,0.01666667,0.00000000,0.00000000,0.00000000
30,0.00000000,0.00150917,0.00124583,0.00231987,0.00158858,0.00294251,0.00282673,0.00230529,0.00225127,0.00199316,0.00171765,0.00176931,0.00211546,0.00184520,0.00257805,0.00272889,0.00232683,0.00212274,0.00270970,0.00242206,0.00237145,0.00291803,0.00270044,0.00255983,0.00304209,0.00302278,0.00281589,0.00292380,0.00291926,0.00382963,0.00337483,0.00416397,0.00385725,0.00905407,0.00443231,0.00380555,0.00384935,0.00478593,0.00483167,0.00476167,0.00541308,0.00671073,0.00641609,0.00841994,0.00647030,0.00813838,0.00687311,0.00738883,0.00646412,0.00694284,0.00827914,0.00919097,0.00871355,0.00756046,0.00879751,0.01020549,0.00962039,0.01415870,0.00977844,0.01415381,0.01643931,0.00981953,0.01338616,0.00940000,0.00943860,0.01159219,0.01280228,0.01501700,0.01463856,0.01620954,0.01395236,0.01464210,0.01436791,0.01868049,0.01430998,0.02769764,0.01675529,0.01958971,0.01142669,0.01089460,0.02258725,0.02352262,0.04517026,0.07386724,0.01415260,0.01140401,0.04566247,0.00429112,0.00000000,0.00000000,0.02361171,0.19127152,0.00000000,0.13458355,0.00000000,0.25314451,0.03225810,0.16666667,0.00000000,0.00000000,0.25000000,0.00000000,0.36111111,0.66666667,0.00000000
31,0.00000000,0.00134080,0.00168917,0.00173599,0.00219172,0.00182804,0.00226009,0.00175236,0.00197266,0.00230158,0.00233679,0.00235587,0.00300019,0.00268111,0.00272467,0.00317378,0.00299786,0.00279686,0.00352107,0.00265910,0.00251553,0.00398631,0.00333128,0.00265315,0.00294882,0.00264935,0.00283038,0.00291988,0.00299031,0.00327218,0.00456482,0.00298569,0.00388839,0.00486510,0.00560966,0.00464599,0.00321922,0.00572071,0.00622913,0.00558129,0.00446080,0.00563157,0.00654865,0.00538614,0.00487812,0.00611154,0.00624111,0.00806559,0.00869264,0.00679485,0.00960170,0.00742788,0.00903697,0.01068924,0.00781798,0.00844095,0.00816823,0.00882188,0.01005478,0.01137601,0.01275581,0.01192301,0.01082590,0.01281946,0.01136709,0.01085993,0.01121741,0.01248756,0.01201953,0.01654508,0.01274164,0.01969101,0.01515947,0.01467597,0.01596812,0.01725943,0.03203332,0.01184797,0.01980223,0.03115635,0.02442412,0.05524772,0.04571028,0.27177843,0.02000828,0.03483734,0.00000000,0.01445845,0.01675101,0.00000000,0.01167387,0.09925960,0.01160190,0.08333333,0.00000000,0.00460760,0.05864478,0.18807581,0.50000000,0.00000000,0.33333333,0.08333333,0.00000000,1.00000000,0.00000000
32,0.00000000,0.00147798,0.00148711,0.00256555,0.00164642,0.00155003,0.00237378,0.00253210,0.00206067,0.00202736,0.00220869,0.00218483,0.00364004,0.00369360,0.00317689,0.00212377,0.00257288,0.00252039,0.00366850,0.00232124,0.00325382,0.00252850,0.00155628,0.00329245,0.00315855,0.00341677,0.00247960,0.00341154,0.00350373,0.00346494,0.00396816,0.00621862,0.00425358,0.00475024,0.00447943,0.00416109,0.00383412,0.00355819,0.00528707,0.00537457,0.00559616,0.00650265,0.00770779,0.00590085,0.00486587,0.00595504,0.00634326,0.00615239,0.00672731,0.00638070,0.00634835,0.00835820,0.00888148,0.00736508,0.00992556,0.00934804,0.00991531,0.01037092,0.00931083,0.01037471,0.00932858,0.01116393,0.01189088,0.01087500,0.01097703,0.01087168,0.01225716,0.01404855,0.01554345,0.01204729,0.01140584,0.01914502,0.01992304,0.01343793,0.01903601,0.01317964,0.02705495,0.02347727,0.01044857,0.03145188,0.00795732,0.01773740,0.02193823,0.11189777,0.07552224,0.00687108,0.04704038,0.01984049,0.01946874,0.01048672,0.30123522,0.26024191,0.00453059,0.05326433,0.57142857,0.25000000,0.20000000,0.00000000,0.33333333,0.00000000,0.42857143,1.00000000,1.00000000,0.00000000,0.00000000
33,0.00194031,0.00068681,0.00146980,0.00197730,0.00151480,0.00132221,0.00250973,0.00162852,0.00191506,0.00167173,0.00224788,0.00268028,0.00227079,0.00235914,0.00269033,0.00331909,0.00283973,0.00236566,0.00359843,0.00158896,0.00236405,0.00336947,0.00392723,0.00282658,0.00286562,0.00328082,0.00361798,0.00337119,0.00302574,0.00413990,0.00387890,0.00362687,0.00417952,0.00421927,0.00473320,0.00424557,0.01012008,0.00600324,0.00600441,0.00577072,0.00591892,0.00573207,0.00638159,0.00592963,0.00606375,0.00711949,0.00599380,0.00638928,0.00911583,0.00674195,0.00755470,0.00721189,0.00759137,0.00898157,0.01071221,0.00908359,0.00746680,0.01023012,0.01064387,0.01228245,0.01882959,0.01217195,0.01327774,0.01373505,0.01522208,0.01352644,0.01238164,0.01217413,0.01298999,0.01289199,0.01696446,0.01665266,0.01614080,0.01968234,0.00932620,0.01795033,0.01568440,0.01023526,0.01413894,0.02583443,0.01487116,0.09047759,0.05025272,0.06538457,0.04089792,0.02106551,0.02787628,0.04892223,0.13941931,0.06171920,0.31647342,0.00760898,0.00000000,0.16666667,0.00278976,0.00975078,0.18719304,0.20175653,0.49206349,0.00000000,0.00000000,0.40000000,0.00000000,0.00000000,0.00000000
34,0.00171112,0.00202126,0.00219377,0.00190744,0.00211751,0.00209646,0.00254891,0.00186371,0.00202975,0.00190722,0.00197036,0.00214998,0.00206971,0.00255515,0.00224766,0.00263483,0.00250905,0.00304445,0.00233361,0.00551999,0.00248290,0.00317416,0.00259352,0.00361210,0.00309454,0.00365656,0.00265650,0.00354803,0.00391248,0.00380861,0.00351134,0.00495245,0.00499289,0.00403313,0.00445551,0.00415379,0.00486475,0.00510591,0.00452623,0.00467469,0.00638397,0.00480542,0.00661668,0.00568027,0.00622367,0.00746667,0.00720707,0.00680222,0.00846649,0.00770754,0.00639298,0.00950061,0.00499750,0.00495206,0.00795709,0.00849739,0.00875061,0.01105119,0.00893975,0.00900742,0.01054990,0.01471415,0.00669079,0.01026470,0.01036123,0.00974859,0.01401979,0.01153496,0.01299486,0.01362674,0.01512616,0.01689903,0.01590976,0.01143207,0.03073615,0.01357500,0.01277638,0.01412776,0.01531841,0.02122908,0.02176508,0.04102888,0.02181981,0.03231658,0.03729823,0.10511462,0.00639870,0.04381870,0.21857248,0.00000000,0.00000000,0.00498017,0.02056259,0.20000000,0.65151515,0.29323191,0.00000000,0.00000000,0.00000000,0.66666667,0.33333333,0.00000000,1.00000000,1.00000000,0.00000000
35,0.00000000,0.00000000,0.00170343,0.00164624,0.00159892,0.00266822,0.00189024,0.00209759,0.00248007,0.00247190,0.00296537,0.00201779,0.00264261,0.00231267,0.00380960,0.00198145,0.00332548,0.00452058,0.00361143,0.00288932,0.00198927,0.00312896,0.00311352,0.00412887,0.00309115,0.00266907,0.00343225,0.00310128,0.00349840,0.00744030,0.00376221,0.00571023,0.00364473,0.00455728,0.00470476,0.00518330,0.00387446,0.00495732,0.00457733,0.00553936,0.00507209,0.00616641,0.00542525,0.00623960,0.00780796,0.00566960,0.00647742,0.00684448,0.00741444,0.00657871,0.00733998,0.01438745,0.00669107,0.00888960,0.00882239,0.00829581,0.00869958,0.01093372,0.00934217,0.01417107,0.00989331,0.00973312,0.00977555,0.00580604,0.01253363,0.01344025,0.01271148,0.01439663,0.01430773,0.01726851,0.01480181,0.02021523,0.01169078,0.00520914,0.02347852,0.10761747,0.01882788,0.03313836,0.01503856,0.03247622,0.02295784,0.01298443,0.01011965,0.01228498,0.05410136,0.01132908,0.01453990,0.02812322,0.01249510,0.08653845,0.00000000,0.06589666,0.05988182,0.25000000,0.00000000,0.00000000,0.00000000,0.15628610,0.33978137,0.50000000,1.00000000,0.00000000,0.00000000,0.00000000,0.00000000
36,0.00000000,0.00199934,0.00137219,0.00148109,0.00191860,0.00207148,0.00144857,0.00228248,0.00203446,0.00183973,0.00167843,0.00122882,0.00206260,0.00188467,0.00163002,0.00296966,0.00206059,0.00238132,0.00323183,0.00301418,0.00352662,0.00387660,0.00334581,0.00285469,0.00286264,0.00435453,0.00323746,0.00347896,0.00375208,0.00382778,0.00343280,0.00468667,0.00352663,0.00335249,0.00389501,0.00536082,0.00397252,0.00467038,0.00744306,0.00538738,0.00553637,0.00539585,0.00521939,0.00498913,0.00625409,0.00699412,0.00682176,0.00621872,0.00684955,0.00781021,0.00628329,0.00896272,0.01253901,0.00715200,0.01603153,0.00978177,0.01122541,0.00881446,0.01097373,0.01069639,0.01017323,0.01111224,0.00899373,0.01073523,0.01179407,0.01394974,0.01528591,0.01062133,0.01538802,0.01737095,0.01823304,0.01350956,0.01299454,0.02076467,0.01164400,0.01937552,0.02554816,0.02541224,0.01744514,0.06709805,0.13431709,0.03296476,0.00759595,0.03577744,0.01096614,0.01607746,0.00000000,0.02591401,0.00706303,0.00000000,0.01448937,0.06201218,0.04875713,0.00975116,0.13752044,0.27083333,0.33333333,0.25000000,0.00000000,0.33333333,0.33333333,0.00000000,1.00000000,1.00000000,0.00000000
37,0.00413143,0.00241222,0.00132181,0.00117159,0.00149266,0.00289669,0.00261101,0.00195108,0.00214062,0.00170785,0.00210545,0.00258467,0.00230273,0.00181459,0.00228244,0.00375945,0.00242248,0.00329431,0.00155264,0.00396670,0.00274587,0.00235942,0.00272145,0.00308799,0.00318124,0.00284041,0.00360762,0.00329553,0.00363699,0.00382619,0.00349527,0.00453559,0.00345486,0.00412899,0.00439581,0.00368506,0.00536129,0.00456757,0.00539463,0.00492648,0.00518550,0.00680578,0.00563243,0.00509102,0.00525435,0.00561233,0.00586512,0.00669620,0.00838665,0.00833531,0.00700958,0.00890387,0.00793301,0.00939981,0.00796993,0.00906950,0.00985146,0.00989607,0.01099248,0.01066473,0.01018711,0.00934581,0.01816706,0.00745908,0.01091188,0.01168945,0.01368206,0.01337560,0.01224629,0.01334596,0.01700104,0.01798930,0.01296364,0.01678571,0.03060932,0.01928085,0.01628379,0.01452017,0.00894310,0.03456166,0.02312830,0.02669253,0.01314329,0.01537732,0.02206310,0.00000000,0.01456409,0.00809095,0.03714364,0.04740643,0.03847801,0.19503218,0.00488016,0.26632671,0.15646259,0.00000000,0.00000000,0.10122080,0.00000000,0.50000000,0.09523810,0.50000000,0.00000000,0.00000000,0.00000000
38,0.00117304,0.00194546,0.00135078,0.00112883,0.00187985,0.00135066,0.00233740,0.00213400,0.00287097,0.00254844,0.00204462,0.00320075,0.00215141,0.00219609,0.00185419,0.00235347,0.00222272,0.00203348,0.00251043,0.00271698,0.00321534,0.00286644,0.00361009,0.00274081,0.00320514,0.00352382,0.00284007,0.00287939,0.00364573,0.00405398,0.00415942,0.00455106,0.00394590,0.00575457,0.00416035,0.00399957,0.00379464,0.00429128,0.00499639,0.00507250,0.00529182,0.00515039,0.00790084,0.00603885,0.00653410,0.00674889,0.00673668,0.00682848,0.00647365,0.00768407,0.00766106,0.00780060,0.00702202,0.01048832,0.00771060,0.00919361,0.00842835,0.00796780,0.01060591,0.01086870,0.01491626,0.02196064,0.01255281,0.00937805,0.00901868,0.01193925,0.01442328,0.01121924,0.01228434,0.01419399,0.02396397,0.01753044,0.01817492,0.13523910,0.01839106,0.01511759,0.01073710,0.01616668,0.00927142,0.01006995,0.00829273,0.02945052,0.05845971,0.01740097,0.02305813,0.04643848,0.01961194,0.04557001,0.01372712,0.01184864,0.25823734,0.21261478,0.00000000,0.30323170,0.23623010,0.12550791,0.20000000,0.36942382,0.50000000,0.34444444,0.33333333,0.00000000,0.00000000,0.00000000,0.00000000
39,0.00000000,0.00096772,0.00088346,0.00122567,0.00114568,0.00131073,0.00148404,0.00178555,0.00136002,0.00202342,0.00197079,0.00215820,0.00304877,0.00288838,0.00196390,0.00219987,0.00233373,0.00270796,0.00269349,0.00288031,0.00283925,0.00268409,0.00491604,0.00332786,0.00255082,0.00314377,0.00322192,0.00305396,0.00626013,0.00419151,0.00349454,0.00406709,0.00346025,0.00419969,0.00487369,0.00512042,0.00391074,0.00523265,0.00496733,0.00575849,0.00537538,0.00534778,0.00555111,0.00575191,0.00591659,0.00633518,0.00628479,0.00697167,0.00742268,0.00742502,0.00746679,0.00911867,0.00906825,0.00964904,0.00812863,0.00894111,0.00851455,0.01172681,0.00957850,0.00927251,0.01174463,0.01200990,0.01242888,0.01415229,0.01137823,0.00996168,0.01660830,0.01601054,0.01058020,0.01573297,0.01720180,0.02064841,0.02023269,0.02649584,0.02705895,0.01113442,0.01454752,0.02620102,0.01466561,0.01269499,0.01462510,0.01931372,0.01085396,0.00991051,0.00810950,0.00951043,0.00469403,0.27845930,0.02804791,0.10517076,0.02574754,0.04941796,0.25818389,0.05980144,0.01142779,0.25000000,0.38548753,0.00000000,0.00000000,0.50000000,0.33333333,0.00000000,0.00000000,0.00000000,0.00000000
40,0.00000000,0.00133966,0.00178289,0.00165953,0.00118167,0.00158994,0.00141026,0.00197422,0.00247517,0.00160602,0.00239537,0.00197225,0.00241947,0.00191519,0.00273310,0.00267270,0.00282835,0.00256778,0.00260493,0.00255029,0.00291167,0.00285096,0.00256708,0.00627222,0.00286600,0.00402762,0.00280592,0.00469589,0.00440861,0.00394790,0.00432665,0.00455135,0.00428447,0.00361642,0.00443199,0.00407288,0.00455173,0.00456632,0.00457778,0.00594862,0.00549581,0.00505982,0.00513370,0.00745990,0.00626577,0.00737581,0.00875284,0.00677412,0.00883544,0.00760963,0.00752615,0.00809651,0.01197575,0.00898263,0.00900601,0.00865129,0.00879914,0.01063334,0.00962690,0.00904471,0.01020438,0.01010226,0.00954816,0.01094158,0.01175047,0.01196952,0.01339579,0.03010659,0.01152242,0.01319006,0.02013633,0.01651394,0.01607818,0.01221752,0.02216201,0.01321031,0.01781519,0.02328915,0.05350650,0.02655165,0.03340610,0.02059941,0.03618568,0.01640045,0.02179778,0.04598782,0.01737518,0.01488462,0.03352029,0.17545839,0.02161671,0.07927453,0.01166893,0.12404938,0.02285866,0.35553958,0.00000000,0.00406932,0.25000000,0.00000000,0.00000000,0.66666667,0.00000000,0.00000000,0.00000000
41,0.00000000,0.00000000,0.00104065,0.00181441,0.00095048,0.00086965,0.00135622,0.00172353,0.00330164,0.00216932,0.00207603,0.00288436,0.00250169,0.00224042,0.00191316,0.00152820,0.00242831,0.00379209,0.00243686,0.00232572,0.00350550,0.00357117,0.00446307,0.00282872,0.00317481,0.00249041,0.00280622,0.00312916,0.00348751,0.00452114,0.00417376,0.00435088,0.00370858,0.00383050,0.00394753,0.00415701,0.00419816,0.00402429,0.00652090,0.00467304,0.00475916,0.00537220,0.00585611,0.00513776,0.00638713,0.00728426,0.00710332,0.00709957,0.00771361,0.00728409,0.00685411,0.00864941,0.00737515,0.00704432,0.00668306,0.00900864,0.00712450,0.01097358,0.00930177,0.01035236,0.00981148,0.01174457,0.01271671,0.01194979,0.01796388,0.01358736,0.01252758,0.01602921,0.01258781,0.01175397,0.01587430,0.01636610,0.01198249,0.01315626,0.01091303,0.01003355,0.01288515,0.01576087,0.01820507,0.01443680,0.02219586,0.02597993,0.02078755,0.03717071,0.02797330,0.01019650,0.04059907,0.03348631,0.02278095,0.07885696,0.09118678,0.32714654,0.05838759,0.00111238,0.21195974,0.20615250,0.17295560,0.01222099,0.00000000,0.03333333,0.20000000,0.00000000,0.00000000,0.00000000,0.00000000
42,0.00000000,0.00153787,0.00170981,0.00158851,0.00066041,0.00039225,0.00139283,0.00135877,0.00138953,0.00162269,0.00299063,0.00237613,0.00324756,0.00203608,0.00207222,0.00181716,0.00207833,0.00312578,0.00223860,0.00290499,0.00284254,0.00366087,0.00265973,0.00380884,0.00375186,0.00393329,0.00302214,0.00335835,0.00291258,0.00491720,0.00351847,0.00405932,0.00505640,0.00430604,0.00444790,0.00417273,0.00303394,0.00494777,0.00453336,0.00515006,0.00407748,0.00620514,0.00608642,0.00624212,0.00597652,0.00611559,0.00669002,0.00776167,0.00612591,0.00696224,0.00646215,0.00639364,0.00853603,0.00967419,0.00768318,0.00879262,0.00796169,0.00944753,0.00779296,0.01068112,0.01214658,0.01040458,0.00860206,0.01051308,0.01741400,0.01183139,0.01437414,0.01153586,0.01151824,0.02350500,0.01099228,0.04352484,0.01512118,0.01392137,0.01477240,0.03803523,0.02118737,0.01701487,0.01643134,0.02360547,0.01418995,0.03401530,0.01242214,0.02231159,0.01175060,0.03667157,0.01160977,0.10097366,0.04494052,0.01890017,0.00000000,0.02366654,0.02445232,0.08164105,0.00000000,0.00157118,0.32142857,0.00000000,0.01666667,0.00000000,0.00000000,0.00000000,0.25000000,0.00000000,0.00000000
43,0.00000000,0.00109666,0.00194761,0.00078177,0.00124616,0.00243208,0.00128889,0.00174729,0.00147119,0.00169748,0.00208823,0.00246210,0.00227423,0.00163041,0.00145036,0.00284980,0.00251018,0.00216280,0.00268280,0.00292448,0.00255989,0.00280374,0.00276826,0.00309952,0.00282527,0.00315154,0.00329546,0.00315673,0.00327932,0.00333261,0.00420926,0.00341606,0.00379986,0.00450554,0.00438083,0.00526842,0.00495972,0.00669237,0.00461130,0.00518817,0.00539457,0.00588242,0.00519982,0.00618302,0.00604206,0.00585516,0.00617480,0.00711466,0.00888618,0.00846231,0.00691579,0.00677731,0.00743772,0.00703892,0.01082025,0.00898544,0.00793649,0.01279295,0.00730117,0.00952474,0.01235109,0.01119517,0.01122078,0.01677320,0.01002051,0.01187693,0.01303767,0.01340544,0.01130269,0.01028430,0.01335700,0.01904610,0.01141686,0.01658275,0.01610649,0.01877321,0.01536948,0.01904665,0.05112864,0.02244395,0.00868279,0.01469280,0.01344190,0.01593521,0.01570139,0.03680674,0.03674633,0.03824932,0.01586939,0.01533300,0.07891533,0.13962239,0.00616946,0.01071724,0.24394658,0.00022210,0.02995511,0.08500159,0.01166450,0.00000000,0.00000000,0.10000000,0.00571307,0.03880189,0.00000000
44,0.00121744,0.00394523,0.00204197,0.00145514,0.00169354,0.00105230,0.00300096,0.00196368,0.00157731,0.00224886,0.00174130,0.00215936,0.00171994,0.00232402,0.00186967,0.00244678,0.00162352,0.00210262,0.00287233,0.00262234,0.00325682,0.00295673,0.00275512,0.00279983,0.00277086,0.00331079,0.00280548,0.00314355,0.00329001,0.00455453,0.00367809,0.00322218,0.00397736,0.00417986,0.00361409,0.00430739,0.00415324,0.00458266,0.00448899,0.00550448,0.00601850,0.00666533,0.00404189,0.00518297,0.00520303,0.00566043,0.00644509,0.00620927,0.00647102,0.00591671,0.00706278,0.00803591,0.00564968,0.00724975,0.00651530,0.00741543,0.00903203,0.01089508,0.00951598,0.01117100,0.00915446,0.01095682,0.01128633,0.01063774,0.01135832,0.01001933,0.01162778,0.01137830,0.01012323,0.00901834,0.01409684,0.02528261,0.01667221,0.05649699,0.01577294,0.01482663,0.01977086,0.01449621,0.01567884,0.01412070,0.02010081,0.01901895,0.02500548,0.00770716,0.01960779,0.01459031,0.03012274,0.04036823,0.05689117,0.05072572,0.16666667,0.05354547,0.00340993,0.03148823,0.25432682,0.05579567,0.20177830,0.00000000,0.01036226,0.00000000,0.00000000,0.00000000,0.00000000,0.00000000,0.00000000
45,0.00000000,0.00000000,0.00156813,0.00186145,0.00102351,0.00169827,0.00137453,0.00226208,0.00173678,0.00201070,0.00297171,0.00203937,0.00214109,0.00224507,0.00215589,0.00236656,0.00204788,0.00174822,0.00215049,0.00300149,0.00266558,0.00297149,0.00342374,0.00279453,0.00298357,0.00249582,0.00456843,0.00319609,0.00326485,0.00294823,0.00366809,0.00412084,0.00445200,0.00382621,0.00433530,0.00400188,0.00427272,0.00495638,0.00533544,0.00446487,0.00519943,0.00480164,0.00543935,0.00614229,0.00724107,0.00544102,0.00589744,0.00605623,0.00590319,0.00656740,0.00744931,0.00678045,0.00572025,0.00843651,0.00746023,0.00861338,0.00873210,0.00863751,0.00924427,0.00998718,0.01188923,0.01032082,0.00930254,0.01146432,0.01277663,0.01085428,0.01070261,0.01350454,0.00934991,0.01077870,0.01777828,0.01797440,0.01485929,0.01138307,0.01240841,0.02787679,0.01674459,0.02048920,0.01038092,0.02156587,0.01748083,0.01806128,0.01978801,0.05034215,0.02398704,0.00730636,0.03002273,0.03513795,0.03486328,0.00758458,0.07494700,0.01293816,0.05504817,0.01691141,0.13943516,0.05971920,0.00621914,0.01012636,0.07862586,0.04102378,0.00000000,0.00000000,0.11481482,0.00000000,0.00000000
46,0.00000000,0.00057710,0.00115456,0.00074701,0.00173017,0.00109258,0.00119413,0.00185995,0.00212673,0.00334405,0.00210190,0.00226931,0.00252415,0.00135577,0.00146568,0.00224084,0.00189020,0.00224861,0.00193994,0.00256031,0.00245095,0.00224550,0.00359290,0.00306214,0.00336275,0.00278608,0.00207994,0.00266916,0.00317085,0.00364657,0.00357008,0.00381910,0.00340379,0.00434089,0.00415345,0.00460712,0.00453366,0.00582533,0.00477248,0.00478370,0.00484409,0.00533671,0.00534828,0.00515314,0.00605715,0.00620911,0.00554576,0.00527632,0.00715450,0.00744790,0.00799629,0.00901292,0.00512947,0.00680181,0.00802532,0.00823930,0.00866481,0.00931538,0.00904213,0.00972846,0.01054134,0.01053030,0.00983113,0.01046092,0.01091612,0.01169119,0.01164113,0.01365892,0.03694589,0.01712766,0.01745717,0.01835439,0.01582768,0.03230821,0.01130180,0.01393130,0.01820587,0.02261057,0.01434570,0.01784436,0.02138872,0.01756254,0.01145321,0.02318422,0.00796172,0.01025711,0.06197816,0.01179694,0.01735739,0.02225121,0.03442431,0.00771949,0.07542554,0.07040148,0.02636924,0.01266504,0.04453319,0.05158125,0.00000000,0.00000000,0.00138750,0.00000000,0.03420178,0.00000000,0.00000000
47,0.00000000,0.00271384,0.00343130,0.00196556,0.00146793,0.00140191,0.00114374,0.00162166,0.00223440,0.00159486,0.00134943,0.00164373,0.00157539,0.00225032,0.00155601,0.00213552,0.00243074,0.00225576,0.00233908,0.00248147,0.00272565,0.00251765,0.00315236,0.00256350,0.00257510,0.00308993,0.00306567,0.00351278,0.00360364,0.00298646,0.00395249,0.00367955,0.00440951,0.00384646,0.00415836,0.00460213,0.00451636,0.00432375,0.00411340,0.00526062,0.00535151,0.00482620,0.00531257,0.00540763,0.00497243,0.00555393,0.00532990,0.00656622,0.00752745,0.00673951,0.00824426,0.00828494,0.01321308,0.00894849,0.00927146,0.00687005,0.00822734,0.00775426,0.00866303,0.01064116,0.01061123,0.01017169,0.01377975,0.01190504,0.01520699,0.00903573,0.01097746,0.01350652,0.01293071,0.01149706,0.01441202,0.01288167,0.01351968,0.02310661,0.03362836,0.01533196,0.01341433,0.02524575,0.01271291,0.00986101,0.02789202,0.01453320,0.04222570,0.02019177,0.02231858,0.04489777,0.01745116,0.12822746,0.05672768,0.01531705,0.00420724,0.02831487,0.01166351,0.03954721,0.01442261,0.01635281,0.00561666,0.01111443,0.07897953,0.08173664,0.00000000,0.10591459,0.05834830,0.01457838,0.00000000
48,0.00000000,0.00158771,0.00199163,0.00136447,0.00108901,0.00130664,0.00078005,0.00163014,0.00371280,0.00179730,0.00109775,0.00187261,0.00155000,0.00173488,0.00173961,0.00248032,0.00228029,0.00267297,0.00265143,0.00219330,0.00206321,0.00259237,0.00271422,0.00288375,0.00272697,0.00311967,0.00261657,0.00288404,0.00318025,0.00376391,0.00347250,0.00418755,0.00655511,0.00435577,0.00420835,0.00478589,0.00427307,0.00706659,0.00530015,0.00456636,0.00526532,0.00572368,0.00543869,0.00657570,0.00617506,0.00604008,0.00609413,0.00756871,0.00622602,0.00724510,0.00709351,0.00742955,0.00816926,0.00578642,0.00763832,0.00818821,0.00801316,0.00643095,0.00986230,0.01020129,0.01092795,0.01237643,0.01057231,0.01051469,0.01081553,0.01090535,0.01404855,0.01062219,0.01607609,0.01018381,0.01521788,0.01784247,0.01176619,0.01762324,0.01475841,0.01551849,0.01668075,0.03294221,0.01945947,0.01899392,0.01645029,0.02848197,0.02728917,0.06918569,0.01072071,0.04282023,0.02093328,0.02824809,0.01289142,0.00600856,0.01228517,0.02193684,0.01575885,0.01951822,0.01911284,0.02806872,0.09843446,0.01484323,0.03769231,0.02887201,0.02516971,0.05385505,0.00833108,0.03174603,0.00000000
49,0.00000000,0.00176771,0.00092254,0.00000000,0.00146768,0.00173120,0.00151745,0.00113010,0.00199349,0.00143225,0.00226427,0.00170533,0.00226921,0.00202627,0.00204345,0.00143871,0.00270980,0.00221886,0.00222674,0.00204494,0.00226405,0.00279135,0.00217612,0.00241486,0.00283892,0.00235244,0.00363692,0.00338909,0.00336512,0.00284032,0.00273480,0.00377315,0.00449255,0.00384613,0.00395372,0.00601607,0.00506900,0.00448188,0.00380241,0.00479690,0.00390540,0.00488554,0.00541881,0.00583627,0.00654813,0.00596292,0.00729608,0.00766992,0.00676677,0.00681152,0.00726148,0.00634448,0.00964633,0.00855780,0.00959899,0.00765026,0.00843240,0.00789235,0.00960042,0.00877931,0.00917377,0.00934958,0.00838921,0.01090629,0.01168739,0.01166714,0.01138303,0.00998053,0.01140567,0.01015819,0.02079954,0.01622953,0.01540065,0.01592050,0.01728610,0.01418948,0.01565458,0.01314172,0.03197461,0.02077584,0.02070146,0.01622158,0.01304545,0.01366786,0.01140316,0.01461679,0.02852831,0.01147840,0.03986277,0.01409046,0.03504596,0.03389657,0.04572946,0.00341129,0.00893588,0.13325953,0.00951237,0.07944582,0.00000000,0.02629307,0.01545930,0.05000000,0.01783067,0.00875961,0.00000000
50,0.00000000,0.00132897,0.00048961,0.00117318,0.00175821,0.00295237,0.00141843,0.00150822,0.00210121,0.00185782,0.00431225,0.00249515,0.00124047,0.00206377,0.00175159,0.00162341,0.00220163,0.00205099,0.00228974,0.00192495,0.00232886,0.00275689,0.00238606,0.00222685,0.00320059,0.00344749,0.00296576,0.00298468,0.00269405,0.00272161,0.00359102,0.00496057,0.00329181,0.00466329,0.00393475,0.00403073,0.00444659,0.00518925,0.00355554,0.00513451,0.00469347,0.00537235,0.00863636,0.00388745,0.00630648,0.00604757,0.00528863,0.00470095,0.00569390,0.00667138,0.00822971,0.00591868,0.00837041,0.00772266,0.00720275,0.00660392,0.00930167,0.00983959,0.00734397,0.00820285,0.01868586,0.00959096,0.00899889,0.00956633,0.00950030,0.01101438,0.01200080,0.03316163,0.01372807,0.01239444,0.01289665,0.01442192,0.01605702,0.01318684,0.01412461,0.01589628,0.01361768,0.01534726,0.01742354,0.01464734,0.04194584,0.03046468,0.05680366,0.05743604,0.01225386,0.04970952,0.01333984,0.08171779,0.00610929,0.02017247,0.00000000,0.01369286,0.01821603,0.11430086,0.04273324,0.08729272,0.02657765,0.01685712,0.10086745,0.04495441,0.00661858,0.17095398,0.06905088,0.01176466,0.00000000
51,0.00000000,0.00199184,0.00067935,0.00358664,0.00092303,0.00079285,0.00145596,0.00088976,0.00241829,0.00166543,0.00139628,0.00182287,0.00181489,0.00248483,0.00244110,0.00121508,0.00184729,0.00193024,0.00196539,0.00211236,0.00228275,0.00287210,0.00248257,0.00244582,0.00259210,0.00322574,0.00351902,0.00293754,0.00358866,0.00323608,0.00339045,0.00405860,0.00380304,0.00506330,0.00353121,0.00365298,0.00444939,0.00296058,0.00405748,0.00542676,0.00376482,0.00463916,0.00575716,0.00494193,0.00569065,0.00522792,0.00659833,0.00610852,0.00650041,0.00640393,0.00649216,0.00706555,0.00655357,0.00734674,0.00820058,0.00814221,0.00853703,0.00776987,0.00858184,0.00826676,0.00918286,0.00964341,0.00907958,0.01072153,0.01116673,0.01430549,0.01593287,0.01178176,0.01148144,0.01346648,0.01288408,0.01448489,0.01610528,0.01426517,0.01496092,0.01685831,0.02049668,0.01901551,0.01758462,0.01498137,0.02073170,0.02586539,0.03866692,0.01254870,0.01595068,0.06106835,0.06966069,0.01040758,0.03469494,0.01917272,0.02079057,0.01605002,0.04338612,0.00622550,0.00612836,0.01609369,0.02462873,0.00758495,0.00658788,0.00633521,0.03381474,0.00202873,0.00000000,0.01252681,0.03342595
52,0.00000000,0.00000000,0.00116260,0.00104899,0.00147350,0.00145767,0.00000000,0.00195638,0.00129783,0.00146684,0.00084655,0.00172635,0.00142491,0.00211118,0.00426447,0.00144599,0.00294087,0.00263723,0.00246075,0.00217701,0.00233691,0.00182405,0.00362052,0.00307650,0.00402666,0.00249166,0.00177937,0.00424996,0.00300506,0.00414182,0.00327453,0.00313391,0.00367350,0.00485285,0.00466626,0.00328530,0.00465531,0.00511530,0.00419161,0.00503473,0.00412347,0.00464764,0.00570308,0.00516838,0.00486960,0.00768946,0.00475803,0.00475401,0.00745279,0.00527474,0.00682736,0.00608600,0.00565505,0.00650866,0.00760060,0.00803880,0.00860349,0.00762986,0.01249765,0.01000800,0.01053938,0.00952474,0.00839767,0.01127460,0.00897808,0.01211994,0.01071194,0.01098504,0.01206450,0.01218526,0.01330763,0.03689459,0.01740840,0.01357572,0.01601137,0.01359446,0.01597625,0.01575839,0.01712129,0.01582528,0.01142393,0.01470492,0.01973297,0.04257613,0.02758984,0.02740842,0.06567035,0.03443864,0.03244809,0.00000000,0.01123769,0.02839834,0.07232584,0.10362761,0.03064913,0.05896648,0.00000000,0.02570617,0.04679626,0.01544505,0.01349560,0.05838952,0.06839641,0.01666667,0.00000000
53,0.00000000,0.00000000,0.00081282,0.00000000,0.00119864,0.00095157,0.00046365,0.00166758,0.00159146,0.00183933,0.00123455,0.00177508,0.00265589,0.00139294,0.00381738,0.00179391,0.00140998,0.00200467,0.00186700,0.00208834,0.00350771,0.00298872,0.00192132,0.00223491,0.00310178,0.00201527,0.00394998,0.00259658,0.00281380,0.00314186,0.00318393,0.00201580,0.00362275,0.00384391,0.00399631,0.00290232,0.00448249,0.00494886,0.00450863,0.00455959,0.00480114,0.00401129,0.00478738,0.00401460,0.00473997,0.00520922,0.00569190,0.00489483,0.00800711,0.00576071,0.00623020,0.00774063,0.00544812,0.00594582,0.00955059,0.00816091,0.00810563,0.00783829,0.00949347,0.00992106,0.00901131,0.00966675,0.00956258,0.00923707,0.01223369,0.01083219,0.01446907,0.00958107,0.01173514,0.01072630,0.01320797,0.01513798,0.01129414,0.01878916,0.01472512,0.01282653,0.01706821,0.01450218,0.01983439,0.01414595,0.01565441,0.01647730,0.02445143,0.02204468,0.04924351,0.01842287,0.02966272,0.02155513,0.02524948,0.02201237,0.01959945,0.02535548,0.01702190,0.01752516,0.00711055,0.00943038,0.06760920,0.11750825,0.04844503,0.01126231,0.03520257,0.02323561,0.04896733,0.00000000,0.00000000
54,0.00000000,0.00076872,0.00151349,0.00095353,0.00000000,0.00065469,0.00178372,0.00080154,0.00175401,0.00128796,0.00213439,0.00200901,0.00254763,0.00169838,0.00288779,0.00244943,0.00164015,0.00092295,0.00212501,0.00265176,0.00468943,0.00264601,0.00173637,0.00212970,0.00195486,0.00312533,0.00276209,0.00213419,0.00270430,0.00291435,0.00291762,0.00367420,0.00320808,0.00386904,0.00346395,0.00426875,0.00392133,0.00383091,0.00457968,0.00437047,0.00443746,0.00483016,0.00483886,0.00447948,0.00504967,0.00517671,0.00550951,0.00541859,0.00541946,0.00643632,0.00637518,0.00733964,0.00640350,0.00723111,0.00652181,0.00777051,0.00798781,0.00768899,0.00775616,0.01068211,0.00927874,0.00941131,0.00738534,0.01462053,0.01137915,0.01459603,0.01236361,0.01079770,0.01594510,0.01037968,0.01063339,0.01293372,0.01519531,0.01425389,0.01687079,0.01306322,0.01443758,0.01271158,0.01912463,0.01767063,0.02639394,0.01793760,0.02221054,0.02004486,0.01708245,0.01703961,0.02692090,0.03965422,0.01494422,0.01292676,0.01870588,0.01622873,0.05571955,0.04059595,0.04693776,0.01578718,0.05306568,0.02898805,0.00614352,0.00923498,0.00447389,0.07259397,0.00000000,0.00455599,0.00000000
55,0.00000000,0.00151568,0.00057532,0.00102906,0.00000000,0.00072406,0.00035729,0.00139033,0.00163387,0.00103581,0.00164485,0.00079949,0.00188619,0.00158656,0.00219023,0.00242039,0.00203276,0.00114653,0.00152882,0.00192932,0.00234708,0.00170502,0.00260292,0.00226386,0.00250106,0.00312895,0.00271331,0.00320578,0.00392321,0.00411817,0.00291283,0.00395259,0.00326420,0.00328853,0.00311946,0.00380695,0.00296603,0.00335979,0.00346648,0.00370116,0.00381980,0.00612133,0.00531145,0.00528225,0.00462313,0.00546651,0.00482178,0.00545568,0.00582198,0.00671163,0.00622832,0.00590350,0.00665573,0.00730499,0.00775989,0.00769523,0.00852577,0.00775701,0.00760351,0.00734250,0.00705414,0.00938258,0.00941559,0.01014873,0.01131020,0.01040797,0.01146701,0.01132726,0.01211666,0.00888956,0.01248401,0.01481948,0.01179445,0.01157686,0.01239290,0.01552127,0.01459055,0.01485216,0.01512927,0.02341394,0.01930224,0.01794799,0.02139181,0.01184111,0.03510004,0.01036174,0.02404920,0.01458081,0.01757980,0.03601533,0.14837362,0.03205002,0.02472148,0.00770975,0.01849230,0.01533762,0.01257105,0.02620283,0.03366040,0.13141084,0.24998476,0.07437230,0.01275810,0.00317583,0.00924912
56,0.00000000,0.00094914,0.00079435,0.00050804,0.00115169,0.00065566,0.00093347,0.00114408,0.00115794,0.00152949,0.00068032,0.00107418,0.00152100,0.00190073,0.00126497,0.00134290,0.00146373,0.00167636,0.00158305,0.00157778,0.00137289,0.00166904,0.00171833,0.00296045,0.00283746,0.00253880,0.00179928,0.00267577,0.00271574,0.00293693,0.00332583,0.00520170,0.00319774,0.00309488,0.00322081,0.00363328,0.00303780,0.00348407,0.00445141,0.00449796,0.00443149,0.00416129,0.00503762,0.00457377,0.00504310,0.00518859,0.00457541,0.00686485,0.00785616,0.00536426,0.00536366,0.00581709,0.00788517,0.01139265,0.00727859,0.00784810,0.00817976,0.00744285,0.00701949,0.00731875,0.00885634,0.00992169,0.00904499,0.01951103,0.01048356,0.00952916,0.00973769,0.01452793,0.01317954,0.01150238,0.01687789,0.01099141,0.01066912,0.01341982,0.01394822,0.01486717,0.01386723,0.01675204,0.00788022,0.02007936,0.01526609,0.02011880,0.02421193,0.01278556,0.01630265,0.04614453,0.03285330,0.01961327,0.02094193,0.01554504,0.01444093,0.02021436,0.02368307,0.02227444,0.01345824,0.03772035,0.00134560,0.00455024,0.07158680,0.02059232,0.01122393,0.02248535,0.01920215,0.00568054,0.00000000
57,0.00000000,0.00000000,0.00095335,0.00192976,0.00021368,0.00061624,0.00140676,0.00165534,0.00130691,0.00146322,0.00132566,0.00166564,0.00143452,0.00162166,0.00197772,0.00143646,0.00251428,0.00139173,0.00158509,0.00099694,0.00281084,0.00184219,0.00122997,0.00233828,0.00279565,0.00196607,0.00190594,0.00401728,0.00262102,0.00256711,0.00305390,0.00281445,0.00330837,0.00359595,0.00308740,0.00369134,0.00353123,0.00487472,0.00386204,0.00408781,0.00444555,0.00479555,0.00441873,0.00391256,0.00512364,0.00708509,0.00647258,0.00390960,0.00621946,0.00605699,0.00663523,0.00719357,0.00792593,0.00899546,0.00749160,0.00995001,0.00679936,0.00836942,0.00866669,0.00768256,0.00779684,0.00766444,0.01025158,0.00837885,0.00873885,0.01084025,0.00976598,0.01170452,0.00955204,0.00901888,0.01250697,0.01363087,0.01519318,0.01807611,0.01173715,0.02371650,0.01287742,0.02432721,0.01979033,0.01832831,0.01487867,0.01545509,0.02093272,0.01522293,0.01540764,0.01492050,0.02508045,0.02288067,0.04364877,0.01216337,0.02182821,0.02505806,0.01833967,0.01270288,0.00818690,0.01716347,0.01665611,0.03775343,0.04747185,0.00833333,0.00952786,0.00000000,0.10704669,0.01112421,0.00000000
58,0.00000000,0.00081318,0.00071390,0.00070934,0.00068834,0.00043330,0.00093939,0.00127906,0.00121662,0.00117077,0.00134727,0.00151214,0.00142857,0.00184123,0.00185064,0.00172850,0.00123978,0.00206693,0.00167575,0.00209250,0.00217640,0.00117632,0.00105750,0.00269309,0.00196814,0.00211595,0.00335921,0.00396926,0.00236425,0.00336740,0.00296472,0.00283837,0.00340605,0.00270958,0.00321789,0.00359315,0.00296892,0.00408326,0.00366155,0.00404017,0.00466139,0.00472521,0.00365380,0.00464639,0.00531980,0.00561096,0.00436482,0.00623780,0.00510379,0.00451507,0.00626707,0.00749267,0.00737540,0.00666019,0.00819573,0.01602016,0.00699480,0.00590201,0.00747285,0.00737694,0.00798867,0.00757497,0.00930169,0.00913123,0.00895038,0.01115931,0.00819468,0.01181376,0.01133801,0.00918380,0.01294814,0.01270482,0.00948437,0.01399657,0.02516832,0.01530227,0.01390982,0.01339849,0.01497891,0.01930247,0.01458456,0.01432893,0.04155370,0.01972732,0.03528007,0.02078909,0.02870706,0.01636756,0.09363959,0.01252049,0.01600003,0.01837681,0.02075689,0.01004416,0.01195349,0.04362488,0.01034390,0.04953823,0.01468288,0.03580791,0.08985109,0.01768403,0.01901331,0.01762742,0.00000000
59,0.00000000,0.00175948,0.00090416,0.00165649,0.00061987,0.00054868,0.00156523,0.00154765,0.00106641,0.00144529,0.00076714,0.00141135,0.00127536,0.00287099,0.00413367,0.00171212,0.00171617,0.00243509,0.00212217,0.00193014,0.00175733,0.00213678,0.00219346,0.00195709,0.00310744,0.00201834,0.00197608,0.00242023,0.00269289,0.00252161,0.00335885,0.00315932,0.00382405,0.00336319,0.00310908,0.00308418,0.00352141,0.00280751,0.00435041,0.00455574,0.00401677,0.00415228,0.00376597,0.00465496,0.00524860,0.00462397,0.00521012,0.00415495,0.00454712,0.00462820,0.00611436,0.00807789,0.00676383,0.00612958,0.00654040,0.00727848,0.00662999,0.00871366,0.00768561,0.00824363,0.00868079,0.00958508,0.00894914,0.00877177,0.00873675,0.00990544,0.01021053,0.00782164,0.01048537,0.01161338,0.01440329,0.01476162,0.01133478,0.01436418,0.01228141,0.01063529,0.02053229,0.01358032,0.01194229,0.01452522,0.01742984,0.02616317,0.02141006,0.01037996,0.01130507,0.01748507,0.03074848,0.01229030,0.02056641,0.03260463,0.02096341,0.02947605,0.03497165,0.03210103,0.01478085,0.01222753,0.01079539,0.01227500,0.07619133,0.02009920,0.05648258,0.00913624,0.01035178,0.03914203,0.00000000
60,0.00000000,0.00071361,0.00107607,0.00107552,0.00065795,0.00009614,0.00047960,0.00061774,0.00080858,0.00049450,0.00093411,0.00051925,0.00126011,0.00175107,0.00171091,0.00155418,0.00163044,0.00125085,0.00205769,0.00185982,0.00109417,0.00234189,0.00246447,0.00222495,0.00231818,0.00231459,0.00270532,0.00186072,0.00346427,0.00352905,0.00291285,0.00230088,0.00275071,0.00335848,0.00625625,0.00297034,0.00478538,0.00328036,0.00371918,0.00412098,0.00390521,0.00347881,0.00905167,0.00445778,0.00577783,0.00435222,0.00585525,0.00737357,0.00551887,0.00474437,0.00550983,0.00619339,0.00492732,0.00526602,0.00602545,0.00575709,0.00649103,0.00655653,0.00825224,0.00783274,0.00680225,0.00913148,0.00798496,0.00891850,0.01047005,0.00943594,0.00990117,0.01022834,0.01475243,0.01221558,0.00996926,0.01372932,0.01198988,0.01489974,0.01566625,0.02227773,0.01059749,0.01510357,0.01451793,0.01186282,0.01696574,0.02441831,0.01313542,0.01932995,0.00964627,0.01912974,0.04716850,0.01278941,0.02614147,0.01621796,0.01422973,0.02255470,0.03365293,0.01453671,0.00725738,0.02237424,0.01990929,0.01634868,0.01975763,0.04735609,0.01966010,0.00374117,0.00870296,0.01237760,0.00000000
61,0.00000000,0.00000000,0.00022905,0.00229078,0.00000000,0.00153199,0.00131831,0.00078240,0.00145841,0.00165473,0.00146392,0.00095919,0.00107525,0.00064807,0.00184466,0.00111226,0.00159562,0.00087729,0.00194891,0.00200815,0.00142499,0.00222189,0.00185540,0.00223192,0.00202070,0.00227507,0.00207658,0.00213384,0.00198684,0.00256424,0.00249238,0.00312586,0.00331399,0.00330134,0.00326653,0.00381386,0.00376348,0.00341687,0.00406704,0.00528348,0.00383480,0.00401545,0.00526563,0.00427505,0.00507450,0.00408717,0.00433588,0.00555163,0.00433665,0.00566392,0.00621760,0.00656111,0.00670886,0.00727365,0.00530484,0.00709834,0.00540473,0.00662333,0.00833137,0.00921779,0.00717096,0.00735433,0.00716684,0.00764797,0.01036613,0.00890991,0.01134672,0.00986650,0.01171716,0.00985831,0.00993940,0.01394021,0.01293041,0.01384374,0.01292213,0.01340873,0.01510440,0.01096358,0.01201671,0.01694500,0.01333872,0.02829678,0.01250665,0.01910884,0.01784794,0.01754719,0.01784913,0.02159637,0.01340767,0.01894467,0.02211153,0.01435394,0.02230146,0.02830931,0.00536094,0.01561493,0.01345991,0.00830264,0.00931721,0.03528803,0.01232946,0.00940903,0.00379299,0.00000000,0.00000000
62,0.00000000,0.00165958,0.00194412,0.00191643,0.00054416,0.00166703,0.00091539,0.00367796,0.00153277,0.00161669,0.00062568,0.00123430,0.00136621,0.00267375,0.00122802,0.00109919,0.00117482,0.00155250,0.00116261,0.00137096,0.00147556,0.00122134,0.00229811,0.00199689,0.00225167,0.00289112,0.00312665,0.00221891,0.00310458,0.00271272,0.00286208,0.00212485,0.00293273,0.00322026,0.00282786,0.00278455,0.00311089,0.00339323,0.00483281,0.00349127,0.00332456,0.00536358,0.00412096,0.00576561,0.00517897,0.00358224,0.00363223,0.00422864,0.00508953,0.00558534,0.00898277,0.00625896,0.00549583,0.00653886,0.00698594,0.00620998,0.00755627,0.00902480,0.00802220,0.00731056,0.00715654,0.00808857,0.00699127,0.00892983,0.00767429,0.01023650,0.00903224,0.00991514,0.02297112,0.01147910,0.01141224,0.01147278,0.01469149,0.01212355,0.01285755,0.01117253,0.01378732,0.01584902,0.01443691,0.01226899,0.01585756,0.01563365,0.02099660,0.01571603,0.01329440,0.02984925,0.01806452,0.04491892,0.01511907,0.02567922,0.01710072,0.01691552,0.01429479,0.01774774,0.01840259,0.01383715,0.02887250,0.03784286,0.02312337,0.00605369,0.01571335,0.01012452,0.00986505,0.00447389,0.00000000
63,0.00000000,0.00000000,0.00106250,0.00175178,0.00054206,0.00116348,0.00066173,0.00021255,0.00169167,0.00094812,0.00156489,0.00094435,0.00127111,0.00100139,0.00129625,0.00115830,0.00096414,0.00137975,0.00105444,0.00196402,0.00132290,0.00136841,0.00334217,0.00176976,0.00215580,0.00186401,0.00396667,0.00219494,0.00246978,0.00193519,0.00219420,0.00252867,0.00290201,0.00255662,0.00393106,0.00378162,0.00476216,0.00329157,0.00353677,0.00282776,0.00334504,0.00344130,0.00352666,0.00412632,0.00384192,0.00392973,0.00941491,0.00486112,0.00522993,0.00499661,0.00536285,0.00411933,0.00645049,0.00505581,0.00551646,0.00568970,0.00652526,0.00534183,0.00568650,0.00633325,0.00824884,0.00959292,0.00767508,0.00796488,0.01011501,0.00828280,0.01096748,0.01135296,0.00819391,0.00947681,0.00984275,0.01559019,0.01171061,0.01053637,0.01281517,0.01609341,0.01149846,0.01242980,0.01494460,0.01470039,0.01962767,0.01512568,0.01314934,0.01535913,0.01287205,0.01306762,0.01446784,0.01871528,0.01514355,0.01568093,0.01500545,0.01828002,0.01447915,0.01532355,0.01503748,0.04141084,0.01967002,0.00726431,0.00323397,0.00644550,0.01049724,0.00111775,0.00117526,0.00662816,0.00000000
64,0.00000000,0.00000000,0.00198970,0.00073021,0.00114924,0.00084471,0.00167587,0.00032362,0.00151307,0.00106933,0.00083570,0.00102738,0.00160266,0.00212030,0.00236900,0.00208978,0.00018998,0.00152160,0.00199447,0.00109503,0.00172183,0.00165838,0.00168222,0.00238791,0.00135889,0.00228050,0.00252829,0.00264084,0.00251421,0.00179295,0.00186653,0.00339242,0.00366929,0.00204926,0.00266080,0.00216996,0.00304541,0.00419840,0.00319287,0.00398191,0.00348254,0.00349697,0.00439716,0.00314849,0.00411089,0.00345923,0.00426887,0.00429852,0.00461436,0.00509164,0.00526515,0.00489675,0.00580316,0.00555743,0.00695411,0.00838203,0.00627210,0.00620971,0.00667887,0.00660151,0.00805733,0.00815276,0.00705644,0.00836252,0.00893109,0.00886822,0.00755850,0.00960688,0.01085066,0.00955946,0.01118939,0.01081290,0.01266947,0.01225000,0.01184598,0.01292112,0.01250979,0.02013168,0.01383084,0.01579535,0.01568850,0.01737526,0.01679203,0.02093029,0.01183496,0.01433463,0.01438171,0.01642298,0.01448116,0.01544684,0.01585492,0.01512572,0.01188788,0.00719480,0.01978107,0.01472620,0.00896314,0.01524740,0.00931354,0.00634301,0.00181948,0.00000000,0.01362431,0.00956858,0.00326903
65,0.00000000,0.00000000,0.00000000,0.00209821,0.00000000,0.00000000,0.00104022,0.00064675,0.00000000,0.00039742,0.00082380,0.00086538,0.00165260,0.00100669,0.00339798,0.00198345,0.00159224,0.00162613,0.00262461,0.00133406,0.00203038,0.00233017,0.00111414,0.00207699,0.00143065,0.00320803,0.00352441,0.00180397,0.00302307,0.00293297,0.00183255,0.00201869,0.00278268,0.00254882,0.00307503,0.00461269,0.00139290,0.00296977,0.00351594,0.00355812,0.00341829,0.00332403,0.00299927,0.00407154,0.00415125,0.00370421,0.00428459,0.00471824,0.00425374,0.00464564,0.00550778,0.00416065,0.00502058,0.00543739,0.00578765,0.00612631,0.01011638,0.00638942,0.00867760,0.01218933,0.00870864,0.00630171,0.00724631,0.00821380,0.00802371,0.00894353,0.01779374,0.00817701,0.00906705,0.01133190,0.01066814,0.01021584,0.00956459,0.01109658,0.01256122,0.01164450,0.01465497,0.01156764,0.02437464,0.01546857,0.02351111,0.01834997,0.01572814,0.01131396,0.01382498,0.01609870,0.01696659,0.01576244,0.01506569,0.01324944,0.01804752,0.01494273,0.03947068,0.01376965,0.01326301,0.01353033,0.00910823,0.01812044,0.04676590,0.01520436,0.00000000,0.00701333,0.00000000,0.01339034,0.00000000
66,0.00000000,0.00000000,0.00000000,0.00000000,0.00045769,0.00082918,0.00000000,0.00000000,0.00000000,0.00265370,0.00067781,0.00046337,0.00139195,0.00073220,0.00103283,0.00090091,0.00257265,0.00191274,0.00129318,0.00130092,0.00120393,0.00168020,0.00122439,0.00163220,0.00169392,0.00085684,0.00161077,0.00140097,0.00272769,0.00167477,0.00205671,0.00235185,0.00251452,0.00328073,0.00221834,0.00208574,0.00297033,0.00285625,0.00373148,0.00417105,0.00534797,0.00473192,0.00291176,0.00385802,0.00527380,0.00322076,0.00514790,0.00486811,0.00777998,0.00507045,0.00484486,0.00382355,0.00437051,0.00606261,0.00507312,0.00558608,0.00657560,0.00606723,0.00741678,0.00589611,0.00627331,0.00683917,0.00657075,0.00763391,0.00697106,0.00869309,0.00869892,0.01011981,0.00969013,0.00856430,0.01032908,0.01522199,0.00988223,0.00962437,0.00887594,0.00971069,0.00929265,0.01273628,0.01068326,0.01420963,0.01275021,0.00989897,0.01505268,0.01440567,0.02027798,0.03102163,0.01024939,0.01159517,0.01417656,0.01414173,0.01145291,0.01648462,0.03450233,0.00411684,0.04848758,0.00745349,0.01340848,0.01143655,0.02464009,0.00612691,0.00695232,0.00000000,0.00842152,0.00000000,0.00000000
67,0.00000000,0.00000000,0.00000000,0.00071012,0.00000000,0.00107416,0.00122476,0.00119468,0.00142122,0.00109524,0.00059707,0.00112779,0.00094671,0.00116304,0.00149598,0.00065787,0.00102685,0.00179974,0.00099817,0.00207954,0.00166724,0.00192793,0.00254658,0.00212364,0.00238500,0.00159056,0.00231740,0.00306926,0.00215084,0.00220262,0.00314395,0.00271495,0.00230797,0.00312413,0.00572457,0.00312651,0.00268451,0.00475841,0.00317557,0.00378155,0.00370626,0.00348123,0.00288148,0.00420098,0.00482665,0.00401335,0.00505862,0.00287655,0.00407269,0.00533809,0.00561516,0.00587010,0.00309370,0.00433828,0.00647236,0.00686330,0.00537976,0.00452381,0.00700329,0.00530151,0.00685013,0.00774036,0.00625206,0.00765414,0.00841776,0.00816730,0.01000949,0.01172394,0.00680183,0.00814495,0.00917756,0.01097111,0.00887647,0.01008660,0.01194114,0.01083054,0.01159850,0.01553456,0.01589736,0.01316941,0.01235756,0.01443821,0.01535499,0.01232540,0.01880552,0.01351468,0.01674386,0.01939355,0.01460484,0.01589612,0.00879575,0.01926282,0.02292293,0.01693363,0.01821409,0.01199587,0.01943354,0.01131034,0.00965044,0.02017625,0.04874734,0.02502523,0.00000000,0.00000000,0.03193691
